时间,阶段标签,预测表面位移_mm,直接预测_mm
2025-05-01 16:40:00,1,0.0,23.712185627921205
2025-05-01 16:50:00,1,0.5496335980684027,23.712185627921205
2025-05-01 17:00:00,1,0.07495073744463587,23.712185627921205
2025-05-01 17:10:00,1,0.8602790884762277,23.712185627921205
2025-05-01 17:20:00,1,0.508830391572674,23.712185627921205
2025-05-01 17:30:00,1,1.192212438841065,25.743213804207773
2025-05-01 17:40:00,1,0.7336248139390605,24.927544286503338
2025-05-01 17:50:00,1,1.5264487115436283,23.712185627921205
2025-05-01 18:00:00,1,0.9938574333273565,24.211185362503763
2025-05-01 18:10:00,1,1.4641468652515597,25.13007940604334
2025-05-01 18:20:00,1,1.429755641920145,26.106696769641456
2025-05-01 18:30:00,1,2.144761189270078,26.106696769641456
2025-05-01 18:40:00,1,1.993056603769166,26.106696769641456
2025-05-01 18:50:00,1,2.4950541351498954,25.29102725193702
2025-05-01 19:00:00,1,2.6537937891336747,26.181005457392068
2025-05-01 19:10:00,1,2.835586697424919,26.181005457392068
2025-05-01 19:20:00,1,2.997670705470438,26.181005457392068
2025-05-01 19:30:00,1,3.2733404713401,24.075668593354887
2025-05-01 19:40:00,1,3.367125913997211,25.29102725193702
2025-05-01 19:50:00,1,3.584749035452407,26.106696769641456
2025-05-01 20:00:00,1,3.7715424870739387,24.075668593354887
2025-05-01 20:10:00,1,3.9895612233583546,24.075668593354887
2025-05-01 20:20:00,1,4.1948857874142265,25.492008530726512
2025-05-01 20:30:00,1,4.339703811071866,25.492008530726512
2025-05-01 20:40:00,1,4.494521290860071,22.62279964019578
2025-05-01 20:50:00,1,4.606448858701398,22.62279964019578
2025-05-01 21:00:00,1,4.7096826506889595,22.62279964019578
2025-05-01 21:10:00,1,4.8331910127718976,21.26434442279185
2025-05-01 21:20:00,1,4.940761635058335,24.77346666157701
2025-05-01 21:30:00,1,4.980656230638454,21.26434442279185
2025-05-01 21:40:00,1,5.149243401700882,26.072177977907117
2025-05-01 21:50:00,1,5.219534099514333,26.072177977907117
2025-05-01 22:00:00,1,5.323334247290453,24.343576660505303
2025-05-01 22:10:00,1,5.483207987122518,24.417885348255915
2025-05-01 22:20:00,1,5.6314086175255715,26.072177977907117
2025-05-01 22:30:00,1,5.624431989295665,26.072177977907117
2025-05-01 22:40:00,1,5.8871076634083375,26.311231899572867
2025-05-01 22:50:00,1,5.804886589743427,23.921510956525886
2025-05-01 23:00:00,1,6.072205764534668,26.311231899572867
2025-05-01 23:10:00,1,6.12748801846196,26.275031863571815
2025-05-01 23:20:00,1,6.302751022626476,27.689606512932528
2025-05-01 23:30:00,1,6.3808417301676315,26.311231899572867
2025-05-01 23:40:00,1,6.47931020759373,25.650743819884823
2025-05-01 23:50:00,1,6.585723681629586,25.650743819884823
2025-05-02 00:00:00,1,6.665409171252354,23.70288150382933
2025-05-02 00:10:00,1,6.649363737951795,23.70288150382933
2025-05-02 00:20:00,1,6.960325738208806,26.514036604898607
2025-05-02 00:30:00,1,6.940204035085112,26.514036604898607
2025-05-02 00:40:00,1,7.217510230279531,27.96671990600888
2025-05-02 00:50:00,1,7.178830957458051,26.477836568897555
2025-05-02 01:00:00,1,7.544517549291859,26.477836568897555
2025-05-02 01:10:00,1,7.49069285067352,27.98076990600888
2025-05-02 01:20:00,1,7.886385350824062,26.477836568897555
2025-05-02 01:30:00,1,7.965023849055339,25.262477910315422
2025-05-02 01:40:00,1,8.095947373027352,25.262477910315422
2025-05-02 01:50:00,1,8.240819967877265,25.262477910315422
2025-05-02 02:00:00,1,8.38030685850678,25.262477910315422
2025-05-02 02:10:00,1,8.395793482518895,25.262477910315422
2025-05-02 02:20:00,1,8.781913116281876,25.262477910315422
2025-05-02 02:30:00,1,9.284964822886828,24.982052361504163
2025-05-02 02:40:00,1,9.07678736623082,24.645908386168195
2025-05-02 02:50:00,1,9.145800714736858,24.645908386168195
2025-05-02 03:00:00,1,9.093613771843048,24.645908386168195
2025-05-02 03:10:00,1,9.149121806382146,24.645908386168195
2025-05-02 03:20:00,1,9.100900018603697,24.645908386168195
2025-05-02 03:30:00,1,9.141740778788048,21.675197422306468
2025-05-02 03:40:00,1,9.108257037065089,21.813864605884515
2025-05-02 03:50:00,1,9.14430283760376,21.675197422306468
2025-05-02 04:00:00,1,9.113140647148683,21.675197422306468
2025-05-02 04:10:00,1,9.149186447687354,21.813864605884515
2025-05-02 04:20:00,1,9.12033724624169,17.99578237863437
2025-05-02 04:30:00,1,9.160649508906653,14.145461175122634
2025-05-02 04:40:00,1,9.10720035190055,17.654310489730584
2025-05-02 04:50:00,1,9.139981281196,17.79297767330863
2025-05-02 05:00:00,1,9.106187211512246,17.79297767330863
2025-05-02 05:10:00,1,9.195954327093913,17.79297767330863
2025-05-02 05:20:00,1,9.11759751680802,19.502565643416162
2025-05-02 05:30:00,1,9.153963285682677,21.698776745179597
2025-05-02 05:40:00,1,9.124411664044455,19.195256097163682
2025-05-02 05:50:00,1,9.167176436673868,20.489838787548127
2025-05-02 06:00:00,1,9.186781674956492,20.489838787548127
2025-05-02 06:10:00,1,9.177826024010505,19.33392328074173
2025-05-02 06:20:00,1,9.20896230587581,19.33392328074173
2025-05-02 06:30:00,1,9.23538154264081,19.742500543719196
2025-05-02 06:40:00,1,9.212205282125126,19.742500543719196
2025-05-02 06:50:00,1,9.243217013958526,20.796787626511232
2025-05-02 07:00:00,1,9.207119166458712,20.999592331836972
2025-05-02 07:10:00,1,9.245522168547986,20.291685957952726
2025-05-02 07:20:00,1,9.211381804704471,21.447601464759124
2025-05-02 07:30:00,1,9.247081311083383,20.16027344339449
2025-05-02 07:40:00,1,9.219241250020419,20.021606259816444
2025-05-02 07:50:00,1,9.252655171330415,22.386629342991174
2025-05-02 08:00:00,1,9.221492980875338,20.16027344339449
2025-05-02 08:10:00,1,9.31521862029462,20.16027344339449
2025-05-02 08:20:00,1,9.23044104168223,22.386629342991174
2025-05-02 08:30:00,1,9.290507016572926,20.492012840352608
2025-05-02 08:40:00,1,9.22789026510635,18.956090923858696
2025-05-02 08:50:00,1,9.329280334413045,19.468587762271476
2025-05-02 09:00:00,1,9.241969288232513,21.482615515622403
2025-05-02 09:10:00,1,9.311897145278925,21.482615515622403
2025-05-02 09:20:00,1,9.258234629706989,23.708971415219086
2025-05-02 09:30:00,1,9.304011046936076,23.708971415219086
2025-05-02 09:40:00,1,9.306298187736356,19.946693599128494
2025-05-02 09:50:00,1,9.351602160356673,19.946693599128494
2025-05-02 10:00:00,1,9.306490342779922,20.57427427129269
2025-05-02 10:10:00,1,9.352266760009009,20.57427427129269
2025-05-02 10:20:00,1,9.300832585766294,21.23124445305585
2025-05-02 10:30:00,1,9.400330318038376,21.23124445305585
2025-05-02 10:40:00,1,9.369372466129514,21.23124445305585
2025-05-02 10:50:00,1,9.406171234607106,21.23124445305585
2025-05-02 11:00:00,1,9.370073387107292,21.23124445305585
2025-05-02 11:10:00,1,9.403487308417288,21.23124445305585
2025-05-02 11:20:00,1,9.37027838824769,21.23124445305585
2025-05-02 11:30:00,1,9.408681390336964,21.23124445305585
2025-05-02 11:40:00,1,9.378272167820807,21.23124445305585
2025-05-02 11:50:00,1,9.47165151308033,21.23124445305585
2025-05-02 12:00:00,1,9.389285335137885,17.107189698229682
2025-05-02 12:10:00,1,9.460398223061569,15.253299626175565
2025-05-02 12:20:00,1,9.399765780140125,19.19061652767607
2025-05-02 12:30:00,1,9.450335530331634,17.65469461118216
2025-05-02 12:40:00,1,9.414928545253169,19.20432048801113
2025-05-02 12:50:00,1,9.478465948927193,19.342987671589178
2025-05-02 13:00:00,1,9.419126717664637,19.23446528584438
2025-05-02 13:10:00,1,9.468526969719274,23.921510387522922
2025-05-02 13:20:00,1,9.420824423406527,20.498903178395576
2025-05-02 13:30:00,1,9.474281505480947,20.33261107955555
2025-05-02 13:40:00,1,9.420113542992832,20.381853886655243
2025-05-02 13:50:00,1,9.465889960221919,19.225938379848845
2025-05-02 14:00:00,1,9.411823906750529,19.67794231550207
2025-05-02 14:10:00,1,9.46392268064558,20.833857822308467
2025-05-02 14:20:00,1,9.407629116776473,19.67794231550207
2025-05-02 14:30:00,1,9.453686900672382,23.92500479753103
2025-05-02 14:40:00,1,9.406885220148409,21.624297952020342
2025-05-02 14:50:00,1,9.452563225716963,19.64875740290937
2025-05-02 15:00:00,1,9.40798857123967,19.64875740290937
2025-05-02 15:10:00,1,9.449695847604998,21.966513499288578
2025-05-02 15:20:00,1,9.409889749216076,21.966513499288578
2025-05-02 15:30:00,1,9.454775662444705,21.966513499288578
2025-05-02 15:40:00,1,9.41462326989602,21.966513499288578
2025-05-02 15:50:00,1,9.458409921025968,19.64875740290937
2025-05-02 16:00:00,1,9.420321718417478,21.966513499288578
2025-05-02 16:10:00,1,9.464454663707187,19.64875740290937
2025-05-02 16:20:00,1,9.424648565318265,23.162139021265638
2025-05-02 16:30:00,1,9.471121872353054,23.162139021265638
2025-05-02 16:40:00,1,9.421405593890771,23.162139021265638
2025-05-02 16:50:00,1,9.46746337778668,24.69806093775955
2025-05-02 17:00:00,1,9.414943346728375,27.015817034138756
2025-05-02 17:10:00,1,9.46062135229693,24.69806093775955
2025-05-02 17:20:00,1,9.42109662057483,24.69806093775955
2025-05-02 17:30:00,1,9.472910230709871,26.966574227039064
2025-05-02 17:40:00,1,9.41398478761209,27.015817034138756
2025-05-02 17:50:00,1,9.461653541875792,27.015817034138756
2025-05-02 18:00:00,1,9.405013683846926,24.63319064894411
2025-05-02 18:10:00,1,9.453476756980855,26.169112565438024
2025-05-02 18:20:00,1,9.397183193111749,28.48686866181723
2025-05-02 18:30:00,1,9.442959610340836,27.45044816316306
2025-05-02 18:40:00,1,9.39152543609812,26.169112565438024
2025-05-02 18:50:00,1,9.434669974098533,26.169112565438024
2025-05-02 19:00:00,1,9.402544540554944,28.43762585471754
2025-05-02 19:10:00,1,9.448581118603355,27.401205356063368
2025-05-02 19:20:00,1,9.397792585335985,26.24528984925697
2025-05-02 19:30:00,1,9.445300500356007,27.401205356063368
2025-05-02 19:40:00,1,9.37651317510251,26.24528984925697
2025-05-02 19:50:00,1,9.425913427157147,26.24528984925697
2025-05-02 20:00:00,1,9.369901229954863,31.19648339358462
2025-05-02 20:10:00,1,9.412073542265867,27.189629101792303
2025-05-02 20:20:00,1,9.369635564648268,27.189629101792303
2025-05-02 20:30:00,1,9.4111366307093,28.3455446085987
2025-05-02 20:40:00,1,9.36639487527564,28.3455446085987
2025-05-02 20:50:00,1,9.41849364917069,28.3455446085987
2025-05-02 21:00:00,1,9.360533133914421,28.3455446085987
2025-05-02 21:10:00,1,9.415397828394884,29.38196510725287
2025-05-02 21:20:00,1,9.356472385297103,26.169112565438024
2025-05-02 21:30:00,1,9.401509260332128,26.169112565438024
2025-05-02 21:40:00,1,9.362109835722364,24.63319064894411
2025-05-02 21:50:00,1,9.403264607623637,24.63319064894411
2025-05-02 22:00:00,1,9.368131687965334,26.169112565438024
2025-05-02 22:10:00,1,9.407118233089294,28.3455446085987
2025-05-02 22:20:00,1,9.377458430062935,28.3455446085987
2025-05-02 22:30:00,1,9.420808352206505,31.147240586484934
2025-05-02 22:40:00,1,9.383113529935873,31.147240586484934
2025-05-02 22:50:00,1,9.42089082826548,27.14038629469261
2025-05-02 23:00:00,1,9.39476748508689,29.38196510725287
2025-05-02 23:10:00,1,9.435570766235227,26.169112565438024
2025-05-02 23:20:00,1,9.407095231684991,29.38196510725287
2025-05-02 23:30:00,1,9.444105960065174,27.189629101792303
2025-05-02 23:40:00,1,9.413696737549017,27.189629101792303
2025-05-02 23:50:00,1,9.449742538087689,27.189629101792303
2025-05-03 00:00:00,1,9.41823405347285,27.41175442122763
2025-05-03 00:10:00,1,9.45393355985176,22.736972163499964
2025-05-03 00:20:00,1,9.422771369396683,22.736972163499964
2025-05-03 00:30:00,1,9.459570137874275,22.736972163499964
2025-05-03 00:40:00,1,9.418528955727774,22.736972163499964
2025-05-03 00:50:00,1,9.457379949812985,22.736972163499964
2025-05-03 01:00:00,1,9.425871465198146,22.736972163499964
2025-05-03 01:10:00,1,9.459285386508142,22.736972163499964
2025-05-03 01:20:00,1,9.428123196053065,22.736972163499964
2025-05-03 01:30:00,1,9.459546189892883,22.736972163499964
2025-05-03 01:40:00,1,9.423237549119833,22.736972163499964
2025-05-03 01:50:00,1,9.457918353717973,22.736972163499964
2025-05-03 02:00:00,1,9.417842099412985,22.736972163499964
2025-05-03 02:10:00,1,9.464288033712105,28.95007883970815
2025-05-03 02:20:00,1,9.403609322468418,20.568329000374693
2025-05-03 02:30:00,1,9.464772254543492,19.992090313874485
2025-05-03 02:40:00,1,9.391968425780284,20.560089271286927
2025-05-03 02:50:00,1,9.406238518219224,20.560089271286927
2025-05-03 03:00:00,1,9.425293400804225,19.585758315712752
2025-05-03 03:10:00,1,9.43514229141018,20.451566885542128
2025-05-03 03:20:00,1,9.42724250579312,20.451566885542128
2025-05-03 03:30:00,1,9.437638067441494,20.560089271286927
2025-05-03 03:40:00,1,9.42409233104725,20.560089271286927
2025-05-03 03:50:00,1,9.441070295066668,21.034371776726086
2025-05-03 04:00:00,1,9.432460215717162,21.034371776726086
2025-05-03 04:10:00,1,10.412196340683373,23.849571528668537
2025-05-03 04:20:00,1,9.968849830755415,22.622913120250416
2025-05-03 04:30:00,1,10.095178506945974,22.622913120250416
2025-05-03 04:40:00,1,10.037133245164144,22.609388153241085
2025-05-03 04:50:00,1,10.110342184267592,22.609388153241085
2025-05-03 05:00:00,1,9.982726567787763,22.609388153241085
2025-05-03 05:10:00,1,10.05799103427685,17.51259417755273
2025-05-03 05:20:00,1,10.000364598093187,17.51259417755273
2025-05-03 05:30:00,1,10.063170468521145,19.33312695490405
2025-05-03 05:40:00,1,11.02994375587732,21.814023483220087
2025-05-03 05:50:00,1,10.646792935831883,25.798213968581447
2025-05-03 06:00:00,1,10.84065928480219,22.440357849545748
2025-05-03 06:10:00,1,10.754277277475202,27.160908242957024
2025-05-03 06:20:00,1,10.791528470787247,27.160908242957024
2025-05-03 06:30:00,1,10.722770724001727,24.95625328076558
2025-05-03 06:40:00,1,10.740588027807998,21.985483689050234
2025-05-03 06:50:00,1,10.735090318524675,21.985483689050234
2025-05-03 07:00:00,1,10.693128334942987,21.985483689050234
2025-05-03 07:10:00,1,10.740710444044689,25.798213968581447
2025-05-03 07:20:00,1,10.707438491278232,28.395011253565233
2025-05-03 07:30:00,1,10.716623565827456,25.798213968581447
2025-05-03 07:40:00,1,10.699304454749752,21.711210243900936
2025-05-03 07:50:00,1,10.758175657135691,21.848082537132253
2025-05-03 08:00:00,1,10.725687299906369,21.848082537132253
2025-05-03 08:10:00,1,10.732352417072981,18.23916036637202
2025-05-03 08:20:00,1,10.737675034197954,20.2279633499056
2025-05-03 08:30:00,1,10.705467395782515,20.091091056674284
2025-05-03 08:40:00,1,10.76531840296097,19.650602616435936
2025-05-03 08:50:00,1,10.717290482505266,23.368019775511744
2025-05-03 09:00:00,1,10.7929702975781,20.743601958547114
2025-05-03 09:10:00,1,10.762784886140174,20.88488860701399
2025-05-03 09:20:00,1,10.76230621682474,20.062993676621073
2025-05-03 09:30:00,1,10.785439673380118,22.534975468404447
2025-05-03 09:40:00,1,10.74180680029935,23.268413770475515
2025-05-03 09:50:00,1,10.747366941275786,19.088662721046898
2025-05-03 10:00:00,1,10.69962254473173,17.688856164989044
2025-05-03 10:10:00,1,10.695882155653765,17.688856164989044
2025-05-03 10:20:00,1,10.67856304457606,14.84690290648867
2025-05-03 10:30:00,1,10.681592214118611,14.84690290648867
2025-05-03 10:40:00,1,10.662125075052023,14.84690290648867
2025-05-03 10:50:00,1,10.675989364500413,13.900098159869888
2025-05-03 11:00:00,1,10.652773378693544,13.900098159869888
2025-05-03 11:10:00,1,10.676670120489623,13.900098159869888
2025-05-03 11:20:00,1,10.633918732237225,13.900098159869888
2025-05-03 11:30:00,1,10.645827942623374,9.483153152293935
2025-05-03 11:40:00,1,10.625246930632235,9.483153152293935
2025-05-03 11:50:00,1,10.653332596529081,9.483153152293935
2025-05-03 12:00:00,1,10.630350036669586,9.483153152293935
2025-05-03 12:10:00,1,10.661474255574268,9.483153152293935
2025-05-03 12:20:00,1,10.577030515339445,10.429957898912727
2025-05-03 12:30:00,1,10.634635820935808,10.429957898912727
2025-05-03 12:40:00,1,10.607276736256722,13.271911157413097
2025-05-03 12:50:00,1,10.653806785552282,14.779887703734763
2025-05-03 13:00:00,1,10.613852833880308,13.183703174229002
2025-05-03 13:10:00,1,10.673040132943067,13.183703174229002
2025-05-03 13:20:00,1,10.641136925227901,15.513326005805832
2025-05-03 13:30:00,1,10.679887455980571,13.91714147630007
2025-05-03 13:40:00,1,10.654429403327832,13.91714147630007
2025-05-03 13:50:00,1,10.695833047509081,13.91714147630007
2025-05-03 14:00:00,1,10.673796355594499,15.513326005805832
2025-05-03 14:10:00,1,10.712645298007702,15.513326005805832
2025-05-03 14:20:00,1,10.69060860609312,12.633361863247233
2025-05-03 14:30:00,1,10.729457548506323,13.580166609866025
2025-05-03 14:40:00,1,10.698466620697102,12.633361863247233
2025-05-03 14:50:00,1,10.735648611723143,12.633361863247233
2025-05-03 15:00:00,1,10.709976219047439,12.633361863247233
2025-05-03 15:10:00,1,10.746193282231967,13.580166609866025
2025-05-03 15:20:00,1,10.715202354422747,12.633361863247233
2025-05-03 15:30:00,1,10.75405129683595,12.633361863247233
2025-05-03 15:40:00,1,10.725345954095644,12.633361863247233
2025-05-03 15:50:00,1,10.749483229261994,12.633361863247233
2025-05-03 16:00:00,1,10.726507776825393,12.633361863247233
2025-05-03 16:10:00,1,10.750645051991743,13.580166609866025
2025-05-03 16:20:00,1,10.7447384683526,17.05082212904387
2025-05-03 16:30:00,1,10.744808269106288,17.05082212904387
2025-05-03 16:40:00,1,10.739821729384726,17.05082212904387
2025-05-03 16:50:00,1,10.739891530138415,14.2088688705435
2025-05-03 17:00:00,1,10.734904990416853,17.24374448027458
2025-05-03 17:10:00,1,10.735073202831074,14.401791221774209
2025-05-03 17:20:00,1,10.737489196374943,22.611102796231492
2025-05-03 17:30:00,1,10.739303744349025,23.617387537097528
2025-05-03 17:40:00,1,10.740754810051381,22.878802507484526
2025-05-03 17:50:00,1,10.735388492002464,23.617387537097528
2025-05-03 18:00:00,1,10.735838071083508,23.617387537097528
2025-05-03 18:10:00,1,10.738250829540457,23.20881027412006
2025-05-03 18:20:00,1,10.733735891090992,19.43763648766891
2025-05-03 18:30:00,1,10.74022646017118,18.808934226991433
2025-05-03 18:40:00,1,10.73232667455412,18.808934226991433
2025-05-03 18:50:00,1,10.727559229923605,17.184409543934223
2025-05-03 19:00:00,1,10.727381148178067,14.34245628543386
2025-05-03 19:10:00,1,10.722113241789682,17.813111804611697
2025-05-03 19:20:00,1,10.70756978695705,14.024353799492543
2025-05-03 19:30:00,1,10.724686267331741,13.802619790120007
2025-05-03 19:40:00,1,10.71379060291332,14.024353799492543
2025-05-03 19:50:00,1,10.74298687130619,14.024353799492543
2025-05-03 20:00:00,1,10.722613752665039,13.802619790120007
2025-05-03 20:10:00,1,10.754441900286585,13.802619790120007
2025-05-03 20:20:00,1,10.724230369082488,13.802619790120007
2025-05-03 20:30:00,1,10.76307931149569,13.696711599545365
2025-05-03 20:40:00,1,10.735473230854065,13.696711599545365
2025-05-03 20:50:00,1,10.780644529933234,14.865250355536693
2025-05-03 21:00:00,1,10.749653602124013,14.865250355536693
2025-05-03 21:10:00,1,10.794824901203182,14.865250355536693
2025-05-03 21:20:00,1,10.755344837393684,17.707203614037056
2025-05-03 21:30:00,1,10.805348243861266,19.109994287721733
2025-05-03 21:40:00,1,10.769370706649575,18.701417024744266
2025-05-03 21:50:00,1,10.80634704193563,22.881168074172884
2025-05-03 22:00:00,1,10.785668658200418,23.10290208354542
2025-05-03 22:10:00,1,10.825177470667297,23.10290208354542
2025-05-03 22:20:00,1,11.7653380943912,23.511479346522886
2025-05-03 22:30:00,1,11.346375941542187,23.511479346522886
2025-05-03 22:40:00,1,11.526821305567232,23.511479346522886
2025-05-03 22:50:00,1,11.412820010490634,19.13880594586356
2025-05-03 23:00:00,1,11.483481297963372,22.98854922865664
2025-05-03 23:10:00,1,11.426299567600005,23.318556995292177
2025-05-03 23:20:00,1,11.466679140617089,17.514281262806346
2025-05-03 23:30:00,1,11.437973797876783,14.672328004305983
2025-05-03 23:40:00,1,11.477229414069146,13.725523257687192
2025-05-03 23:50:00,1,11.455192722154564,13.725523257687192
2025-05-04 00:00:00,1,11.500364021233732,13.725523257687192
2025-05-04 00:10:00,1,11.472757940592107,13.831431448261833
2025-05-04 00:20:00,1,11.51126058884555,13.831431448261833
2025-05-04 00:30:00,1,11.477965883220268,13.831431448261833
2025-05-04 00:40:00,1,11.517567793572393,13.831431448261833
2025-05-04 00:50:00,1,11.486197087435817,13.831431448261833
2025-05-04 01:00:00,1,11.516514732363452,13.831431448261833
2025-05-04 01:10:00,1,11.49254121066802,13.831431448261833
2025-05-04 01:20:00,1,11.556880907180117,14.024353799492543
2025-05-04 01:30:00,1,11.50815538376382,14.971158546111335
2025-05-04 01:40:00,1,11.549804730737023,14.34245628543386
2025-05-04 01:50:00,1,11.5217270488233,13.395651538815068
2025-05-04 02:00:00,1,11.568256656081838,18.400356964013966
2025-05-04 02:10:00,1,11.564916760328087,18.427717830527467
2025-05-04 02:20:00,1,11.559930220606525,20.345347253284906
2025-05-04 02:30:00,1,11.564855913630414,18.790126394995184
2025-05-04 02:40:00,1,11.556956128013354,20.345347253284906
2025-05-04 02:50:00,1,11.566465945802483,23.27752667074619
2025-05-04 03:00:00,1,11.564310366406412,27.182262626670212
2025-05-04 03:10:00,1,11.56672635995028,23.27752667074619
2025-05-04 03:20:00,1,11.569139118407229,23.27752667074619
2025-05-04 03:30:00,1,11.571175333623742,23.27752667074619
2025-05-04 03:40:00,1,11.588236881447926,28.175733013670623
2025-05-04 03:50:00,1,11.588315313271073,29.728933680017136
2025-05-04 04:00:00,1,11.572845023947751,26.773685363692746
2025-05-04 04:10:00,1,11.606784447687588,26.773685363692746
2025-05-04 04:20:00,1,11.563792371257001,27.36891046005192
2025-05-04 04:30:00,1,11.600094179054674,27.777487723029388
2025-05-04 04:40:00,1,11.567079505976045,27.004142333728982
2025-05-04 04:50:00,1,11.599521201596634,23.507983640782435
2025-05-04 05:00:00,1,11.566465949389526,24.65432766161281
2025-05-04 05:10:00,1,11.608834106594161,19.08950210600804
2025-05-04 05:20:00,1,11.578078589918244,19.08950210600804
2025-05-04 05:30:00,1,11.613778096297155,16.285776545432896
2025-05-04 05:40:00,1,11.57813154398985,16.285776545432896
2025-05-04 05:50:00,1,11.620499701194484,16.285776545432896
2025-05-04 06:00:00,1,11.589337510739407,16.285776545432896
2025-05-04 06:10:00,1,11.631237301758864,16.60651236337028
2025-05-04 06:20:00,1,11.618439018587948,16.285776545432896
2025-05-04 06:30:00,1,11.647365612674427,16.285776545432896
2025-05-04 06:40:00,1,11.631892919339702,16.60651236337028
2025-05-04 06:50:00,1,11.660819513426182,16.285776545432896
2025-05-04 07:00:00,1,11.64776187905708,18.21955336396425
2025-05-04 07:10:00,1,11.676786884804093,18.628130626941715
2025-05-04 07:20:00,1,11.65840094557387,18.628130626941715
2025-05-04 07:30:00,1,11.687832625100043,18.628130626941715
2025-05-04 07:40:00,1,11.672078565098495,18.628130626941715
2025-05-04 07:50:00,1,11.701103570845508,18.628130626941715
2025-05-04 08:00:00,1,11.691671867509923,17.999428366264237
2025-05-04 08:10:00,1,11.68463215851162,17.999428366264237
2025-05-04 08:20:00,1,11.707504820247626,18.668575957622412
2025-05-04 08:30:00,1,11.699210721469198,19.29727821829989
2025-05-04 08:40:00,1,11.69965199596869,23.78437891956902
2025-05-04 08:50:00,1,11.693692223824064,23.78437891956902
2025-05-04 09:00:00,1,11.692788792154689,17.729518286864817
2025-05-04 09:10:00,1,11.689475224501438,18.766797810519762
2025-05-04 09:20:00,1,11.68105788207876,18.766797810519762
2025-05-04 09:30:00,1,11.67842295261845,19.705855481277357
2025-05-04 09:40:00,1,11.676674261021496,18.766797810519762
2025-05-04 09:50:00,1,11.66860321275858,18.766797810519762
2025-05-04 10:00:00,1,11.66562198913851,16.11647728627084
2025-05-04 10:10:00,1,11.659891302620673,16.424443729010946
2025-05-04 10:20:00,1,11.654244715604333,16.285776545432896
2025-05-04 10:30:00,1,11.651609786144023,16.285776545432896
2025-05-04 10:40:00,1,11.64986109454707,16.285776545432896
2025-05-04 10:50:00,1,11.631911054592731,16.424443729010946
2025-05-04 11:00:00,1,11.667581240082203,16.424443729010946
2025-05-04 11:10:00,1,11.634973240782735,16.424443729010946
2025-05-04 11:20:00,1,11.66608338427667,16.285776545432896
2025-05-04 11:30:00,1,11.640450332583699,16.2027097196384
2025-05-04 11:40:00,1,11.673864253893695,16.064042536060356
2025-05-04 11:50:00,1,11.65068799337801,16.2027097196384
2025-05-04 12:00:00,1,11.686733793916682,19.055366160724958
2025-05-04 12:10:00,1,11.648437169633555,19.055366160724958
2025-05-04 12:20:00,1,11.684482970172226,18.91669897714691
2025-05-04 12:30:00,1,11.652221265032518,18.91669897714691
2025-05-04 12:40:00,1,11.694589422237152,19.055366160724958
2025-05-04 12:50:00,1,11.665784433332677,19.055366160724958
2025-05-04 13:00:00,1,11.701830233871348,18.91669897714691
2025-05-04 13:10:00,1,11.675137917458683,19.277100170097494
2025-05-04 13:20:00,1,11.717506074663318,19.138432986519447
2025-05-04 13:30:00,1,11.692666240874203,19.277100170097494
2025-05-04 13:40:00,1,11.728712041412875,19.277100170097494
2025-05-04 13:50:00,1,11.692685710778214,19.138432986519447
2025-05-04 14:00:00,1,11.731418167221728,19.277100170097494
2025-05-04 14:10:00,1,11.706578333432613,19.459168804456827
2025-05-04 14:20:00,1,11.742624133971285,19.459168804456827
2025-05-04 14:30:00,1,11.70467380384792,19.277100170097494
2025-05-04 14:40:00,1,11.741000971053413,19.459168804456827
2025-05-04 14:50:00,1,11.705354418746108,19.597835988034873
2025-05-04 15:00:00,1,11.741301807624247,19.459168804456827
2025-05-04 15:10:00,1,11.711840306631439,22.76418016030494
2025-05-04 15:20:00,1,11.74788610717011,21.61945425160631
2025-05-04 15:30:00,1,11.711267329173397,21.397720242233774
2025-05-04 15:40:00,1,11.737434138020646,22.542446150932403
2025-05-04 15:50:00,1,11.726268799295834,22.68111333451045
2025-05-04 16:00:00,1,11.755650320269906,24.666242488270957
2025-05-04 16:10:00,1,11.74225346181896,22.68111333451045
2025-05-04 16:20:00,1,11.780566601109907,24.666242488270957
2025-05-04 16:30:00,1,11.77401114618201,28.30106836479555
2025-05-04 16:40:00,1,11.799927518844763,28.93574657051791
2025-05-04 16:50:00,1,11.801070003084964,30.62761442044247
2025-05-04 17:00:00,1,11.794730452612983,29.074413754095957
2025-05-04 17:10:00,1,11.78687941456577,27.746703834870008
2025-05-04 17:20:00,1,11.784525851772282,28.155281097847475
2025-05-04 17:30:00,1,11.777207771448285,28.155281097847475
2025-05-04 17:40:00,1,11.769451330906218,24.394088421079648
2025-05-04 17:50:00,1,11.762866002368064,26.155330070186945
2025-05-04 18:00:00,1,11.757252899519317,18.242353674336048
2025-05-04 18:10:00,1,11.754617970059007,20.30224964854793
2025-05-04 18:20:00,1,11.752869278462054,15.89999959282723
2025-05-04 18:30:00,1,11.734919238507715,15.89999959282723
2025-05-04 18:40:00,1,11.763597950094967,16.18218803218565
2025-05-04 18:50:00,1,11.709612854681339,16.18218803218565
2025-05-04 19:00:00,1,11.71217730220141,16.18218803218565
2025-05-04 19:10:00,1,11.67304152007145,16.18218803218565
2025-05-04 19:20:00,1,11.67802258674308,16.18218803218565
2025-05-04 19:30:00,1,11.634297441728144,16.513927429143774
2025-05-04 19:40:00,1,11.639624802559535,16.513927429143774
2025-05-04 19:50:00,1,11.621674762605195,16.513927429143774
2025-05-04 20:00:00,1,11.645764111307471,16.992033266000778
2025-05-04 20:10:00,1,11.594099752844489,14.67044233076131
2025-05-04 20:20:00,1,11.597818403031853,16.367760754008835
2025-05-04 20:30:00,1,11.558682620901894,13.73803206391379
2025-05-04 20:40:00,1,11.5537846958821,12.926217044307228
2025-05-04 20:50:00,1,11.510206040863325,12.926217044307228
2025-05-04 21:00:00,1,11.54131618435726,13.257429029162493
2025-05-04 21:10:00,1,11.518771962806417,13.118761845584444
2025-05-04 21:20:00,1,11.57859385675047,13.257429029162493
2025-05-04 21:30:00,1,11.524290640025576,8.063222226022136
2025-05-04 21:40:00,1,11.554521547044848,8.063222226022136
2025-05-04 21:50:00,1,11.533551378456396,8.279026349547157
2025-05-04 22:00:00,1,11.56629189393338,7.692102254104635
2025-05-04 22:10:00,1,11.533236641726273,6.544517846643485
2025-05-04 22:20:00,1,11.565579925686327,7.8052493436043004
2025-05-04 22:30:00,1,11.542403665170642,7.8052493436043004
2025-05-04 22:40:00,1,11.579670400809826,12.793439411982003
2025-05-04 22:50:00,1,11.53667832437924,15.818032387388161
2025-05-04 23:00:00,1,11.574127661636561,15.959487289443636
2025-05-04 23:10:00,1,11.531014656231896,13.207493538323448
2025-05-04 23:20:00,1,11.557083053418612,13.433156419890267
2025-05-04 23:30:00,1,11.548127402472625,8.444966351512557
2025-05-04 23:40:00,1,11.53551506966036,11.95787144113291
2025-05-04 23:50:00,1,11.564540075407372,11.95787144113291
2025-05-05 00:00:00,1,11.555108372071787,11.95787144113291
2025-05-05 00:10:00,1,11.569023148511592,8.494209158612245
2025-05-05 00:20:00,1,11.563571398576006,8.494209158612245
2025-05-05 00:30:00,1,11.563623125020538,11.95787144113291
2025-05-05 00:40:00,1,11.560698887701134,11.95787144113291
2025-05-05 00:50:00,1,11.559604559833199,13.433156419890267
2025-05-05 01:00:00,1,11.56055936123851,12.029172335781665
2025-05-05 01:10:00,1,11.55421981076653,7.184234854551746
2025-05-05 01:20:00,1,11.555485108928643,7.233477661651435
2025-05-05 01:30:00,1,11.54443588727729,7.233477661651435
2025-05-05 01:40:00,1,11.579783249690268,7.233477661651435
2025-05-05 01:50:00,1,11.545101625224474,12.078415142881353
2025-05-05 02:00:00,1,11.581900393702066,8.614752860360687
2025-05-05 02:10:00,1,11.548885720623437,13.324653853441363
2025-05-05 02:20:00,1,11.584833109501576,19.375646911858738
2025-05-05 02:30:00,1,11.55949910126828,19.326404104759046
2025-05-05 02:40:00,1,11.595446490146418,14.724507990306778
2025-05-05 02:50:00,1,11.568754173733753,14.560450719185216
2025-05-05 03:00:00,1,11.605666490453403,14.724507990306778
2025-05-05 03:10:00,1,11.572553405714242,16.483238040104858
2025-05-05 03:20:00,1,11.615092502503868,19.753101762947566
2025-05-05 03:30:00,1,11.58393031204879,19.753101762947566
2025-05-05 03:40:00,1,11.621861712865964,19.488743530209916
2025-05-05 03:50:00,1,11.59057853757827,16.237257671162574
2025-05-05 04:00:00,1,11.633171106198867,19.556364201104962
2025-05-05 04:10:00,1,11.607859671137655,19.292005968367313
2025-05-05 04:20:00,1,11.649756227070192,22.381463608041244
2025-05-05 04:30:00,1,11.618495624954582,17.634141183492723
2025-05-05 04:40:00,1,11.660863782159216,17.634141183492723
2025-05-05 04:50:00,1,11.626723418315702,17.634141183492723
2025-05-05 05:00:00,1,11.662422924694614,17.646430761186906
2025-05-05 05:10:00,1,11.635730608281948,17.82492093097043
2025-05-05 05:20:00,1,11.67177640882062,19.34935703418619
2025-05-05 05:30:00,1,11.636129856513314,19.34935703418619
2025-05-05 05:40:00,1,11.689694726134434,17.646430761186906
2025-05-05 05:50:00,1,11.64954233358575,16.549904508242157
2025-05-05 06:00:00,1,11.682609960735984,16.549904508242157
2025-05-05 06:10:00,1,11.660398628061811,16.921024480159655
2025-05-05 06:20:00,1,11.695745990474789,16.904718673850166
2025-05-05 06:30:00,1,11.667967817246533,18.995655031114776
2025-05-05 06:40:00,1,11.69759287141042,18.00124492679492
2025-05-05 06:50:00,1,11.682120178075694,21.343097664453968
2025-05-05 07:00:00,1,11.712876681613642,24.789968528007368
2025-05-05 07:10:00,1,11.692186964567357,18.856870904653796
2025-05-05 07:20:00,1,11.71820031275834,17.614396064700916
2025-05-05 07:30:00,1,11.704501506465386,18.856870904653796
2025-05-05 07:40:00,1,11.723647520520975,18.674015805330257
2025-05-05 07:50:00,1,11.718902950122661,21.938532533800114
2025-05-05 08:00:00,1,11.717154258525708,22.932942638119975
2025-05-05 08:10:00,1,11.71572839000525,18.34861506050803
2025-05-05 08:20:00,1,11.697432055891149,18.34861506050803
2025-05-05 08:30:00,1,11.734067169222133,18.16575996118449
2025-05-05 08:40:00,1,11.707374852809467,19.591089900460915
2025-05-05 08:50:00,1,11.749274643828924,21.938532533800114
2025-05-05 09:00:00,1,11.718014041713314,18.856870904653796
2025-05-05 09:10:00,1,11.75579134004292,21.155070730893296
2025-05-05 09:20:00,1,11.712799263612334,20.116589653710875
2025-05-05 09:30:00,1,11.748845064151006,17.818389827471382
2025-05-05 09:40:00,1,11.720202219966898,18.00124492679492
2025-05-05 09:50:00,1,11.747333956655659,20.165832460810567
2025-05-05 10:00:00,1,11.742589386257345,21.343097664453968
2025-05-05 10:10:00,1,11.731886458765752,21.343097664453968
2025-05-05 10:20:00,1,11.755975807468028,23.094427341999474
2025-05-05 10:30:00,1,11.735029888712328,17.818389827471382
2025-05-05 10:40:00,1,11.754175902767917,17.818389827471382
2025-05-05 10:50:00,1,11.73039746850593,17.34569174598646
2025-05-05 11:00:00,1,11.763811389815926,17.544852651619486
2025-05-05 11:10:00,1,11.741388097239161,16.549904508242157
2025-05-05 11:20:00,1,11.770413102986174,17.173732679701978
2025-05-05 11:30:00,1,11.757016244535228,16.549904508242157
2025-05-05 11:40:00,1,11.780585431748968,17.073431718085892
2025-05-05 11:50:00,1,11.76951850468469,17.173732679701978
2025-05-05 12:00:00,1,11.795911631203028,21.534492585589597
2025-05-05 12:10:00,1,11.774619418287566,21.534492585589597
2025-05-05 12:20:00,1,11.808016252929102,20.910664414129776
2025-05-05 12:30:00,1,11.78186181902498,20.910664414129776
2025-05-05 12:40:00,1,11.818660587502572,20.910664414129776
2025-05-05 12:50:00,1,11.787958903433356,14.601462932198572
2025-05-05 13:00:00,1,11.851537163752573,17.074085993328733
2025-05-05 13:10:00,1,11.775919238371882,27.339003252480797
2025-05-05 13:20:00,1,11.83448250843054,30.961105997489256
2025-05-05 13:30:00,1,11.798445993553893,30.961105997489256
2025-05-05 13:40:00,1,11.838207303822536,20.774002237722005
2025-05-05 13:50:00,1,11.79342257144922,30.65342270611143
2025-05-05 14:00:00,1,11.819490968635936,35.697612721390215
2025-05-05 14:10:00,1,11.86204694495412,34.96974376642413
2025-05-05 14:20:00,1,11.830884754499042,33.86685006096384
2025-05-05 14:30:00,1,11.864298675809039,33.86685006096384
2025-05-05 14:40:00,1,11.843479616843956,31.557541047031222
2025-05-05 14:50:00,1,11.884792983408754,41.54866138620016
2025-05-05 15:00:00,1,11.877401622613817,39.46258771665548
2025-05-05 15:10:00,1,11.887327734827387,38.69243853732847
2025-05-05 15:20:00,1,11.770877734032664,35.92704334555132
2025-05-05 15:30:00,1,11.839980639568182,35.606017761330094
2025-05-05 15:40:00,1,11.820446960546699,38.28291633435492
2025-05-05 15:50:00,1,11.846840087065036,32.54282616942437
2025-05-05 16:00:00,1,11.825894168309336,32.54282616942437
2025-05-05 16:10:00,1,11.85567214199527,32.54282616942437
2025-05-05 16:20:00,1,11.846240438659686,28.70560830772446
2025-05-05 16:30:00,1,11.89698053008261,28.70560830772446
2025-05-05 16:40:00,1,11.865818339627532,32.54282616942437
2025-05-05 16:50:00,1,11.896928483121467,16.033807650482633
2025-05-05 17:00:00,1,11.934895738162915,15.76712798422716
2025-05-05 17:10:00,1,11.892002073392863,13.788255894384905
2025-05-05 17:20:00,1,11.934370230597498,15.76712798422716
2025-05-05 17:30:00,1,11.90320804014242,15.76712798422716
2025-05-05 17:40:00,1,11.939253840681092,15.76712798422716
2025-05-05 17:50:00,1,11.901303510557726,14.7727178799073
2025-05-05 18:00:00,1,11.991070626139393,13.788255894384905
2025-05-05 18:10:00,1,11.937408110567457,14.7727178799073
2025-05-05 18:20:00,1,11.966093957307883,13.605400795061366
2025-05-05 18:30:00,1,11.955027030243606,16.12578469707767
2025-05-05 18:40:00,1,11.984052035990619,13.605400795061366
2025-05-05 18:50:00,1,11.974620332655034,17.13878166603336
2025-05-05 19:00:00,1,12.02570671823772,16.688278787394673
2025-05-05 19:10:00,1,12.000866884448605,20.306559294301486
2025-05-05 19:20:00,1,12.094592523867888,13.076907641507356
2025-05-05 19:30:00,1,12.036218220446845,25.283092225453146
2025-05-05 19:40:00,1,12.101934122014388,25.100237126129606
2025-05-05 19:50:00,1,12.046286199120628,25.100237126129606
2025-05-05 20:00:00,1,12.081646878298676,28.038803920655983
2025-05-05 20:10:00,1,12.050363703010982,22.095941395922956
2025-05-05 20:20:00,1,12.083205344295852,18.838344081423987
2025-05-05 20:30:00,1,12.069504687444116,13.89909185820373
2025-05-05 20:40:00,1,12.088304407339946,13.89909185820373
2025-05-05 20:50:00,1,12.13491731915628,14.883553843726125
2025-05-05 21:00:00,1,12.110077485367166,14.883553843726125
2025-05-05 21:10:00,1,12.1411876288611,12.345601256267429
2025-05-05 21:20:00,1,12.11555457716813,15.50738201518595
2025-05-05 21:30:00,1,12.224997869921262,13.953891413249648
2025-05-05 21:40:00,1,12.143034716580738,13.345921647359157
2025-05-05 21:50:00,1,12.18757001093109,11.955948317873384
2025-05-05 22:00:00,1,12.155864294032085,11.955948317873384
2025-05-05 22:10:00,1,12.195211257696245,14.330383632881551
2025-05-05 22:20:00,1,12.154752239870703,13.345921647359157
2025-05-05 22:30:00,1,12.183353695662461,13.345921647359157
2025-05-05 22:40:00,1,12.171363463826902,13.345921647359157
2025-05-05 22:50:00,1,12.207194945412947,11.955948317873384
2025-05-05 23:00:00,1,12.166735927587405,11.955948317873384
2025-05-05 23:10:00,1,12.205216375070586,11.955948317873384
2025-05-05 23:20:00,1,12.172004469707792,11.955948317873384
2025-05-05 23:30:00,1,12.214856746085497,11.955948317873384
2025-05-05 23:40:00,1,12.176250210883506,11.955948317873384
2025-05-05 23:50:00,1,12.221053015032652,13.333112950473106
2025-05-06 00:00:00,1,12.188607735477818,13.738624294436486
2025-05-06 00:10:00,1,12.217209191269577,12.348650964950712
2025-05-06 00:20:00,1,12.205565253593777,12.348650964950712
2025-05-06 00:30:00,1,12.241396735179823,12.348650964950712
2025-05-06 00:40:00,1,12.210816709045703,12.348650964950712
2025-05-06 00:50:00,1,12.24472988879779,21.121037155503316
2025-05-06 01:00:00,1,12.24270360803113,20.136575169980922
2025-05-06 01:10:00,1,12.250521918585376,21.56253986574215
2025-05-06 01:20:00,1,12.273092880891197,28.27357567310153
2025-05-06 01:30:00,1,12.282879117646774,31.1656490053746
2025-05-06 01:40:00,1,12.2952729952531,26.427667901653788
2025-05-06 01:50:00,1,12.298210928978799,28.27357567310153
2025-05-06 02:00:00,1,12.2951996956501,24.284047867083135
2025-05-06 02:10:00,1,12.290358552869932,23.809027008047988
2025-05-06 02:20:00,1,12.287741423131289,23.809027008047988
2025-05-06 02:30:00,1,12.282652397851894,23.809027008047988
2025-05-06 02:40:00,1,12.299732177190295,25.172220916789165
2025-05-06 02:50:00,1,12.281528019894731,11.621072707496241
2025-05-06 03:00:00,1,12.398064292391307,15.332724645653135
2025-05-06 03:10:00,1,12.24252983693649,17.037019294154245
2025-05-06 03:20:00,1,12.343288217917097,17.271680142078214
2025-05-06 03:30:00,1,12.274706951456082,17.271680142078214
2025-05-06 03:40:00,1,12.318265779740853,17.865878456656343
2025-05-06 03:50:00,1,12.285653951041107,17.974400842401142
2025-05-06 04:00:00,1,12.324377861872312,17.974400842401142
2025-05-06 04:10:00,1,12.29582923343582,18.750903724336354
2025-05-06 04:20:00,1,12.352133349349403,24.552853890676044
2025-05-06 04:30:00,1,12.332162771737776,24.552853890676044
2025-05-06 04:40:00,1,12.40477067083633,24.552853890676044
2025-05-06 04:50:00,1,12.342392564124058,24.552853890676044
2025-05-06 05:00:00,1,12.414033405250986,24.552853890676044
2025-05-06 05:10:00,1,12.378137482252614,24.552853890676044
2025-05-06 05:20:00,1,12.424080735570662,24.137993837376037
2025-05-06 05:30:00,1,12.408385386622003,24.9111325303812
2025-05-06 05:40:00,1,12.456290797832303,25.21747019793641
2025-05-06 05:50:00,1,12.4350260601566,24.9111325303812
2025-05-06 06:00:00,1,12.439285435876075,25.21747019793641
2025-05-06 06:10:00,1,12.446681229119577,25.314064964657042
2025-05-06 06:20:00,1,12.438643535144594,25.314064964657042
2025-05-06 06:30:00,1,12.447227876154082,24.343110989841467
2025-05-06 06:40:00,1,12.445272323591537,24.552853890676044
2025-05-06 06:50:00,1,12.448034894083273,24.246516223120835
2025-05-06 07:00:00,1,12.45079746457501,24.552853890676044
2025-05-06 07:10:00,1,12.445830254456432,24.552853890676044
2025-05-06 07:20:00,1,12.448592824948168,24.552853890676044
2025-05-06 07:30:00,1,12.44528683369235,24.552853890676044
2025-05-06 07:40:00,1,12.432204832234415,24.552853890676044
2025-05-06 07:50:00,1,12.472267334385267,24.552853890676044
2025-05-06 08:00:00,1,12.472011254955568,24.552853890676044
2025-05-06 08:10:00,1,12.479277811891802,24.552853890676044
2025-05-06 08:20:00,1,12.480632615136162,24.552853890676044
2025-05-06 08:30:00,1,12.481607640053168,24.552853890676044
2025-05-06 08:40:00,1,12.484412574421642,24.023678505148318
2025-05-06 08:50:00,1,12.491808367665143,27.52233846227316
2025-05-06 09:00:00,1,12.492881804242682,27.52233846227316
2025-05-06 09:10:00,1,12.491895984632892,30.203424318968523
2025-05-06 09:20:00,1,12.490337541981756,30.203424318968523
2025-05-06 09:30:00,1,12.491410978559294,30.203424318968523
2025-05-06 09:40:00,1,12.490425158949504,32.47340036449287
2025-05-06 09:50:00,1,12.491498595527043,24.07292131224801
2025-05-06 10:00:00,1,12.49343854828556,27.52233846227316
2025-05-06 10:10:00,1,12.500834341529062,27.52233846227316
2025-05-06 10:20:00,1,12.502189144773423,31.230328117115125
2025-05-06 10:30:00,1,12.49501796697942,33.45106135553978
2025-05-06 10:40:00,1,12.501429110699032,31.230328117115125
2025-05-06 10:50:00,1,12.502404135616038,28.549242260419756
2025-05-06 11:00:00,1,12.505552357822918,28.549242260419756
2025-05-06 11:10:00,1,12.500964926031696,25.099825110394605
2025-05-06 11:20:00,1,12.49900937346915,25.099825110394605
2025-05-06 11:30:00,1,12.50215759567603,24.435208803134238
2025-05-06 11:40:00,1,12.497570163884808,24.435208803134238
2025-05-06 11:50:00,1,12.492982732093585,24.435208803134238
2025-05-06 12:00:00,1,12.496804576316254,24.435208803134238
2025-05-06 12:10:00,1,12.494849023753709,24.435208803134238
2025-05-06 12:20:00,1,12.496887388172759,24.435208803134238
2025-05-06 12:30:00,1,12.495901568562969,24.435208803134238
2025-05-06 12:40:00,1,12.50671092576334,24.435208803134238
2025-05-06 12:50:00,1,12.512245767071251,12.272602983166264
2025-05-06 13:00:00,1,12.510849830971,12.272602983166264
2025-05-06 13:10:00,1,12.50945389487075,12.272602983166264
2025-05-06 13:20:00,1,12.517631974094982,12.272602983166264
2025-05-06 13:30:00,1,12.500382818049877,12.272602983166264
2025-05-06 13:40:00,1,12.54180090302698,12.272602983166264
2025-05-06 13:50:00,1,12.519158059448737,12.272602983166264
2025-05-06 14:00:00,1,12.548780967615679,12.272602983166264
2025-05-06 14:10:00,1,12.548859393269122,12.272602983166264
2025-05-06 14:20:00,1,12.544583695440968,12.272602983166264
2025-05-06 14:30:00,1,12.540619705195462,12.272602983166264
2025-05-06 14:40:00,1,12.536655714949957,12.272602983166264
2025-05-06 14:50:00,1,12.532691724704451,12.272602983166264
2025-05-06 15:00:00,1,12.528727734458945,12.272602983166264
2025-05-06 15:10:00,1,12.531075887939851,12.90130524384374
2025-05-06 15:20:00,1,12.527458191854105,12.90130524384374
2025-05-06 15:30:00,1,12.52384049576836,12.90130524384374
2025-05-06 15:40:00,1,12.525515224899188,12.90130524384374
2025-05-06 15:50:00,1,12.52421770045947,12.90130524384374
2025-05-06 16:00:00,1,12.536275137262187,16.48899174973056
2025-05-06 16:10:00,1,12.560864982346141,16.48899174973056
2025-05-06 16:20:00,1,12.564913796117954,16.38867958958719
2025-05-06 16:30:00,1,12.565001475309412,16.38867958958719
2025-05-06 16:40:00,1,12.565829552250685,16.43792239668688
2025-05-06 16:50:00,1,12.561553854422531,16.43792239668688
2025-05-06 17:00:00,1,12.563014243530397,22.243007578127916
2025-05-06 17:10:00,1,12.561716719090679,22.243007578127916
2025-05-06 17:20:00,1,12.565026890623413,25.738437136399156
2025-05-06 17:30:00,1,12.563630954523163,25.738437136399156
2025-05-06 17:40:00,1,12.56818418547731,18.402698807891618
2025-05-06 17:50:00,1,12.572737416431458,18.402698807891618
2025-05-06 18:00:00,1,12.573565493372731,12.172290823022903
2025-05-06 18:10:00,1,12.571921674773254,12.172290823022903
2025-05-06 18:20:00,1,12.571030824112697,12.172290823022903
2025-05-06 18:30:00,1,12.575138515056905,12.172290823022903
2025-05-06 18:40:00,1,12.55047428326388,12.80099308370038
2025-05-06 18:50:00,1,12.596615737017864,13.465609390960745
2025-05-06 19:00:00,1,12.56959519115731,12.80099308370038
2025-05-06 19:10:00,1,12.611875264239943,12.80099308370038
2025-05-06 19:20:00,1,12.591858426502588,12.80099308370038
2025-05-06 19:30:00,1,12.610673269872889,25.187313174673125
2025-05-06 19:40:00,1,12.722552527885894,25.187313174673125
2025-05-06 19:50:00,1,12.65308228708524,24.011057632881183
2025-05-06 20:00:00,1,12.711144292324514,24.011057632881183
2025-05-06 20:10:00,1,12.680666467968585,24.011057632881183
2025-05-06 20:20:00,1,12.723408663311575,24.011057632881183
2025-05-06 20:30:00,1,12.713304594957338,23.902535247136385
2025-05-06 20:40:00,1,12.716968950389937,24.011057632881183
2025-05-06 20:50:00,1,12.719944071940446,24.011057632881183
2025-05-06 21:00:00,1,12.718569418481847,24.011057632881183
2025-05-06 21:10:00,1,12.719826644251924,24.011057632881183
2025-05-06 21:20:00,1,12.721083870022001,24.011057632881183
2025-05-06 21:30:00,1,12.728663452458042,24.011057632881183
2025-05-06 21:40:00,1,12.737692002458349,24.011057632881183
2025-05-06 21:50:00,1,12.741776981796688,24.011057632881183
2025-05-06 22:00:00,1,12.740402328338089,24.011057632881183
2025-05-06 22:10:00,1,12.73902767487949,24.011057632881183
2025-05-06 22:20:00,1,12.730443561705135,24.011057632881183
2025-05-06 22:30:00,1,12.73810183411933,24.011057632881183
2025-05-06 22:40:00,1,12.747130384119638,24.011057632881183
2025-05-06 22:50:00,1,12.7463103318143,24.011057632881183
2025-05-06 23:00:00,1,12.755338881814607,24.011057632881183
2025-05-06 23:10:00,1,12.749478904477177,24.011057632881183
2025-05-06 23:20:00,1,12.763845161619559,24.011057632881183
2025-05-06 23:30:00,1,12.768428865254238,24.675673940141543
2025-05-06 23:40:00,1,12.769686091024315,24.675673940141543
2025-05-06 23:50:00,1,12.771696284733313,28.617454275059938
2025-05-07 00:00:00,1,12.779275867169353,24.675673940141543
2025-05-07 00:10:00,1,12.780467764197118,28.617454275059938
2025-05-07 00:20:00,1,12.778713332411163,28.617454275059938
2025-05-07 00:30:00,1,12.78072352612016,24.011057632881183
2025-05-07 00:40:00,1,12.782847268071217,31.636833301132796
2025-05-07 00:50:00,1,12.804025859213144,28.617454275059938
2025-05-07 01:00:00,1,12.799655326953184,28.617454275059938
2025-05-07 01:10:00,1,12.809613411651023,24.675673940141543
2025-05-07 01:20:00,1,12.80520976905234,24.011057632881183
2025-05-07 01:30:00,1,12.818196842890263,25.644367327345442
2025-05-07 01:40:00,1,12.812336865552833,25.644367327345442
2025-05-07 01:50:00,1,12.830760058193365,25.644367327345442
2025-05-07 02:00:00,1,12.825992416021995,26.27306958802292
2025-05-07 02:10:00,1,12.824973620590908,26.27306958802292
2025-05-07 02:20:00,1,12.8232018572209,26.27306958802292
2025-05-07 02:30:00,1,12.821430093850891,26.27306958802292
2025-05-07 02:40:00,1,12.815690861720748,13.115108874583232
2025-05-07 02:50:00,1,12.815734042552972,13.115108874583232
2025-05-07 03:00:00,1,12.810341104582589,13.115108874583232
2025-05-07 03:10:00,1,12.80553256752556,13.115108874583232
2025-05-07 03:20:00,1,12.79982792197253,13.115108874583232
2025-05-07 03:30:00,1,12.802191274450783,13.115108874583232
2025-05-07 03:40:00,1,12.801125833855462,12.460605651927613
2025-05-07 03:50:00,1,12.80041026908171,12.68233966130015
2025-05-07 04:00:00,1,12.794359329368918,12.576431470725508
2025-05-07 04:10:00,1,12.782082272243056,12.354697461352972
2025-05-07 04:20:00,1,12.816858527867552,12.064305948036596
2025-05-07 04:30:00,1,12.79868054929043,12.064305948036596
2025-05-07 04:40:00,1,12.833456804914926,12.728922255296961
2025-05-07 04:50:00,1,12.821601183003768,12.064305948036596
2025-05-07 05:00:00,1,12.855624470689344,12.064305948036596
2025-05-07 05:10:00,1,12.836744971627322,12.614425166557428
2025-05-07 05:20:00,1,12.877090615978862,12.614425166557428
2025-05-07 05:30:00,1,12.849074224838795,12.614425166557428
2025-05-07 05:40:00,1,12.89087127525495,12.614425166557428
2025-05-07 05:50:00,1,12.863819811956395,16.743717664437177
2025-05-07 06:00:00,1,12.89903456719012,16.743717664437177
2025-05-07 06:10:00,1,12.878224709384321,12.614425166557428
2025-05-07 06:20:00,1,12.909616117841221,13.279041473817793
2025-05-07 06:30:00,1,12.895848682222205,12.614425166557428
2025-05-07 06:40:00,1,12.916990768299078,12.614425166557428
2025-05-07 06:50:00,1,12.910922123173362,12.614425166557428
2025-05-07 07:00:00,1,12.913285475651614,12.614425166557428
2025-05-07 07:10:00,1,12.902371432750648,12.24913555343262
2025-05-07 07:20:00,1,12.928931742351352,11.336362271097817
2025-05-07 07:30:00,1,12.908785828128547,17.850140101880562
2025-05-07 07:40:00,1,12.96831670701044,14.508333516628543
2025-05-07 07:50:00,1,12.917805141453918,10.813830672876888
2025-05-07 08:00:00,1,12.942799180665231,10.813830672876888
2025-05-07 08:10:00,1,12.944411200384849,13.731502679272761
2025-05-07 08:20:00,1,12.93684065894364,10.316069295753074
2025-05-07 08:30:00,1,12.939204011421891,10.316069295753074
2025-05-07 08:40:00,1,12.936884213036457,13.78074548637245
2025-05-07 08:50:00,1,12.933811446712102,13.78074548637245
2025-05-07 09:00:00,1,12.930738680387748,14.059814946604417
2025-05-07 09:10:00,1,12.928418882002314,17.4137980186158
2025-05-07 09:20:00,1,12.922714236449284,13.78074548637245
2025-05-07 09:30:00,1,12.924979177267003,9.651452988492707
2025-05-07 09:40:00,1,12.922187777609471,10.316069295753074
2025-05-07 09:50:00,1,12.903411262178956,13.78074548637245
2025-05-07 10:00:00,1,12.92959327328792,13.78074548637245
2025-05-07 10:10:00,1,12.929846984828169,13.78074548637245
2025-05-07 10:20:00,1,12.929349754391472,13.78074548637245
2025-05-07 10:30:00,1,12.930195086246547,13.78074548637245
2025-05-07 10:40:00,1,12.921292992678683,13.78074548637245
2025-05-07 10:50:00,1,12.91915857004008,12.737118056367436
2025-05-07 11:00:00,1,12.915546552436487,9.272441865748062
2025-05-07 11:10:00,1,12.913438713953644,12.737118056367436
2025-05-07 11:20:00,1,12.907354290073258,12.737118056367436
2025-05-07 11:30:00,1,12.909619230890977,12.737118056367436
2025-05-07 11:40:00,1,12.906827831233445,12.737118056367436
2025-05-07 11:50:00,1,12.910077421575053,10.316069295753074
2025-05-07 12:00:00,1,12.9100808592105,13.638380788582126
2025-05-07 12:10:00,1,12.910926191065576,13.78074548637245
2025-05-07 12:20:00,1,12.901995512718534,12.737118056367436
2025-05-07 12:30:00,1,12.907930669216455,12.939632907656033
2025-05-07 12:40:00,1,12.90526457667126,8.649837389553614
2025-05-07 12:50:00,1,12.89921363695847,7.561479073054174
2025-05-07 13:00:00,1,12.903200693860626,7.861540326829756
2025-05-07 13:10:00,1,12.900534601315432,7.861540326829756
2025-05-07 13:20:00,1,12.90378419165704,7.659025475541158
2025-05-07 13:30:00,1,12.897577649146923,7.861540326829756
2025-05-07 13:40:00,1,12.901658897405609,7.659025475541158
2025-05-07 13:50:00,1,12.892728219058567,7.561479073054174
2025-05-07 14:00:00,1,12.882210369928117,7.861540326829756
2025-05-07 14:10:00,1,12.890303296523665,7.190359101136665
2025-05-07 14:20:00,1,12.884598650970636,7.4904203549122474
2025-05-07 14:30:00,1,12.884330124220213,7.4904203549122474
2025-05-07 14:40:00,1,12.887579714561822,7.4904203549122474
2025-05-07 14:50:00,1,12.891965172329934,6.957608345977235
2025-05-07 15:00:00,1,12.8896453739445,6.957608345977235
2025-05-07 15:10:00,1,12.886572607620145,6.957608345977235
2025-05-07 15:20:00,1,12.880521667907354,7.529565188151134
2025-05-07 15:30:00,1,12.886456824405276,7.529565188151134
2025-05-07 15:40:00,1,12.880752178852246,7.4904203549122474
2025-05-07 15:50:00,1,12.8854727328811,7.529565188151134
2025-05-07 16:00:00,1,12.888722323222709,7.529565188151134
2025-05-07 16:10:00,1,12.88301767766968,7.529565188151134
2025-05-07 16:20:00,1,12.879523118125244,7.529565188151134
2025-05-07 16:30:00,1,12.87685702558005,7.190359101136665
2025-05-07 16:40:00,1,12.874190933034855,7.190359101136665
2025-05-07 16:50:00,1,12.875489995605022,7.28790550362365
2025-05-07 17:00:00,1,12.87678905817519,7.28790550362365
2025-05-07 17:10:00,1,12.87023622150531,7.659025475541158
2025-05-07 17:20:00,1,12.869621400595125,7.358964221765576
2025-05-07 17:30:00,1,12.866548634270771,7.561479073054174
2025-05-07 17:40:00,1,12.86979822461238,7.671210332445356
2025-05-07 17:50:00,1,12.866725458288025,7.358964221765576
2025-05-07 18:00:00,1,12.86440565990259,8.02880317818184
2025-05-07 18:10:00,1,12.85810070573194,7.358964221765576
2025-05-07 18:20:00,1,12.860745424877015,7.358964221765576
2025-05-07 18:30:00,1,12.863523413946526,8.666661682643776
2025-05-07 18:40:00,1,12.860352235961638,9.112769887382177
2025-05-07 18:50:00,1,12.858032437576204,10.156397317387189
2025-05-07 19:00:00,1,12.852327792023175,13.128710323113323
2025-05-07 19:10:00,1,12.83600520984804,12.287597744396907
2025-05-07 19:20:00,1,12.869489246254377,12.287597744396907
2025-05-07 19:30:00,1,12.855755294802954,10.346713522576431
2025-05-07 19:40:00,1,12.886766924932498,8.932113943974304
2025-05-07 19:50:00,1,12.876764114808434,9.186416187276441
2025-05-07 20:00:00,1,12.884878976830374,9.186416187276441
2025-05-07 20:10:00,1,12.86312027585263,9.186416187276441
2025-05-07 20:20:00,1,12.90346592020417,9.186416187276441
2025-05-07 20:30:00,1,12.877806730614704,9.186416187276441
2025-05-07 20:40:00,1,12.90016487843855,8.81529621535894
2025-05-07 20:50:00,1,12.87778814033661,8.81529621535894
2025-05-07 21:00:00,1,12.916183256916709,8.81529621535894
2025-05-07 21:10:00,1,12.894489222442605,8.81529621535894
2025-05-07 21:20:00,1,12.929265478067101,8.81529621535894
2025-05-07 21:30:00,1,12.905229587467291,8.81529621535894
2025-05-07 21:40:00,1,12.936241217596836,8.81529621535894
2025-05-07 21:50:00,1,12.936494929137083,8.81529621535894
2025-05-07 22:00:00,1,12.93649836677253,8.139559814034511
2025-05-07 22:10:00,1,12.935311200726678,8.560993972056803
2025-05-07 22:20:00,1,12.938560791068287,8.81529621535894
2025-05-07 22:30:00,1,12.921838515450643,9.259971335781385
2025-05-07 22:40:00,1,12.975130112173902,11.840685493089138
2025-05-07 22:50:00,1,12.976798077390422,14.943277645517151
2025-05-07 23:00:00,1,12.936729666934061,18.944140747834766
2025-05-07 23:10:00,1,12.996526848309104,18.944140747834766
2025-05-07 23:20:00,1,12.963084587569123,22.05663505128162
2025-05-07 23:30:00,1,12.947241805860036,19.13817068322464
2025-05-07 23:40:00,1,12.982996591336548,19.24669306896944
2025-05-07 23:50:00,1,12.966944214140415,17.68813693489489
2025-05-08 00:00:00,1,12.99171128321496,14.020360766911077
2025-05-08 00:10:00,1,12.966610409276095,14.020360766911077
2025-05-08 00:20:00,1,12.996450173546531,14.020360766911077
2025-05-08 00:30:00,1,12.990381528420816,14.68497707417144
2025-05-08 00:40:00,1,12.992744880899068,17.68813693489489
2025-05-08 00:50:00,1,12.996169587023628,17.68813693489489
2025-05-08 01:00:00,1,12.993096820699273,14.68497707417144
2025-05-08 01:10:00,1,12.992031380103953,14.020360766911077
2025-05-08 01:20:00,1,12.98396721793789,14.169049496094187
2025-05-08 01:30:00,1,12.998320541188736,14.169049496094187
2025-05-08 01:40:00,1,13.00065470420054,17.800911617495114
2025-05-08 01:50:00,1,12.997581937876186,18.316839195572367
2025-05-08 02:00:00,1,12.994790538218654,20.497231098298816
2025-05-08 02:10:00,1,12.991999138561122,20.497231098298816
2025-05-08 02:20:00,1,12.9906442680172,28.022449690246567
2025-05-08 02:30:00,1,12.987571501692845,23.868903061215168
2025-05-08 02:40:00,1,12.98449873536849,24.259881672708417
2025-05-08 02:50:00,1,12.981425969044135,17.593687577026444
2025-05-08 03:00:00,1,12.975721323491106,17.593687577026444
2025-05-08 03:10:00,1,12.979745707538632,17.593687577026444
2025-05-08 03:20:00,1,12.981430421823942,13.682546746553387
2025-05-08 03:30:00,1,12.984680012165551,14.347163053813754
2025-05-08 03:40:00,1,12.981607245841197,14.347163053813754
2025-05-08 03:50:00,1,12.978534479516842,14.347163053813754
2025-05-08 04:00:00,1,12.976214681131408,14.347163053813754
2025-05-08 04:10:00,1,12.97304350314652,17.593687577026444
2025-05-08 04:20:00,1,12.971702234613101,13.504483728349665
2025-05-08 04:30:00,1,12.97495182495471,12.97229129442429
2025-05-08 04:40:00,1,12.961626571887313,12.307674987163923
2025-05-08 04:50:00,1,12.979688060756425,12.97229129442429
2025-05-08 05:00:00,1,12.948885642851355,12.97229129442429
2025-05-08 05:10:00,1,12.965195952549234,12.97229129442429
2025-05-08 05:20:00,1,12.969129458099554,12.97229129442429
2025-05-08 05:30:00,1,12.970845960823505,12.307674987163923
2025-05-08 05:40:00,1,12.96917761637986,12.307674987163923
2025-05-08 05:50:00,1,12.95014305123904,12.307674987163923
2025-05-08 06:00:00,1,12.988548934193762,12.085940977791386
2025-05-08 06:10:00,1,12.96491513832284,12.085940977791386
2025-05-08 06:20:00,1,12.996455660940548,12.20176679658928
2025-05-08 06:30:00,1,12.979251962694331,12.20176679658928
2025-05-08 06:40:00,1,13.010792485312038,12.20176679658928
2025-05-08 06:50:00,1,12.9814084426268,12.20176679658928
2025-05-08 07:00:00,1,13.019786059298244,12.20176679658928
2025-05-08 07:10:00,1,12.991237430861752,12.20176679658928
2025-05-08 07:20:00,1,13.03196866742199,12.20176679658928
2025-05-08 07:30:00,1,13.003420038985498,12.20176679658928
2025-05-08 07:40:00,1,13.041981356394864,12.20176679658928
2025-05-08 07:50:00,1,12.995336700632544,12.20176679658928
2025-05-08 08:00:00,1,13.036067937192783,12.20176679658928
2025-05-08 08:10:00,1,13.007656144001631,11.394675024019882
2025-05-08 08:20:00,1,13.050842534143696,11.394675024019882
2025-05-08 08:30:00,1,13.036768007422895,11.394675024019882
2025-05-08 08:40:00,1,13.059224728519288,11.394675024019882
2025-05-08 08:50:00,1,13.044786823964314,11.394675024019882
2025-05-08 09:00:00,1,13.033935349319156,11.394675024019882
2025-05-08 09:10:00,1,13.030407229550134,11.286152638275086
2025-05-08 09:20:00,1,13.014244630884438,11.394675024019882
2025-05-08 09:30:00,1,13.052414121471907,12.02337728469736
2025-05-08 09:40:00,1,13.030294649274204,12.02337728469736
2025-05-08 09:50:00,1,13.074241536646888,12.02337728469736
2025-05-08 10:00:00,1,13.037307967435058,12.02337728469736
2025-05-08 10:10:00,1,13.093203204749294,12.02337728469736
2025-05-08 10:20:00,1,13.06065223080661,12.02337728469736
2025-05-08 10:30:00,1,13.11654336465008,11.58278255544197
2025-05-08 10:40:00,1,13.100376414429324,12.46913287207487
2025-05-08 10:50:00,1,13.142928500285938,12.46913287207487
2025-05-08 11:00:00,1,13.12344090731691,12.46913287207487
2025-05-08 11:10:00,1,13.168741400818654,12.141490672127691
2025-05-08 11:20:00,1,13.144091815975356,12.363224681500228
2025-05-08 11:30:00,1,13.186643901831971,11.476874364867328
2025-05-08 11:40:00,1,13.167156308862943,11.476874364867328
2025-05-08 11:50:00,1,13.211648156116375,11.698608374239864
2025-05-08 12:00:00,1,13.188873192375809,11.698608374239864
2025-05-08 12:10:00,1,13.22876057874371,12.363224681500228
2025-05-08 12:20:00,1,13.209272985774682,12.363224681500228
2025-05-08 12:30:00,1,13.24919319240262,11.698608374239864
2025-05-08 12:40:00,1,13.222879576401805,11.7200565141054
2025-05-08 12:50:00,1,13.272354045389545,12.141490672127691
2025-05-08 13:00:00,1,13.249480669988445,12.141490672127691
2025-05-08 13:10:00,1,13.291475662245725,12.141490672127691
2025-05-08 13:20:00,1,13.267170440297685,11.698608374239864
2025-05-08 13:30:00,1,13.300939742059924,11.698608374239864
2025-05-08 13:40:00,1,13.292205999274767,12.363224681500228
2025-05-08 13:50:00,1,13.302368783816062,11.476874364867328
2025-05-08 14:00:00,1,13.301318052769535,12.141490672127691
2025-05-08 14:10:00,1,13.300267321723007,12.825849818049678
2025-05-08 14:20:00,1,13.29921659067648,13.490466125310041
2025-05-08 14:30:00,1,13.295533980401277,12.825849818049678
2025-05-08 14:40:00,1,13.300805606020715,12.825849818049678
2025-05-08 14:50:00,1,13.296725885834103,12.825849818049678
2025-05-08 15:00:00,1,13.292646165647492,12.825849818049678
2025-05-08 15:10:00,1,13.310183732076236,10.597619751174076
2025-05-08 15:20:00,1,13.313479322312617,11.361523280701288
2025-05-08 15:30:00,1,13.312688341499582,11.361523280701288
2025-05-08 15:40:00,1,13.299660334976533,11.361523280701288
2025-05-08 15:50:00,1,13.351222385336316,14.364683141424731
2025-05-08 16:00:00,1,13.333696766006803,14.416598834518236
2025-05-08 16:10:00,1,13.376684318614593,12.593551487223435
2025-05-08 16:20:00,1,13.348677956502103,12.037457565707864
2025-05-08 16:30:00,1,13.384846469853658,10.696906973440921
2025-05-08 16:40:00,1,13.366164473582714,11.361523280701288
2025-05-08 16:50:00,1,13.351228472927502,14.364683141424731
2025-05-08 17:00:00,1,13.38789366886933,16.92592551523448
2025-05-08 17:10:00,1,13.369725719319783,12.702073872968231
2025-05-08 17:20:00,1,13.37139413063087,12.037457565707864
2025-05-08 17:30:00,1,13.368687251361603,10.696906973440921
2025-05-08 17:40:00,1,13.369945527207697,10.696906973440921
2025-05-08 17:50:00,1,13.378250921211336,10.696906973440921
2025-05-08 18:00:00,1,13.377820063143233,10.696906973440921
2025-05-08 18:10:00,1,13.374243279125055,10.696906973440921
2025-05-08 18:20:00,1,13.370666495106878,10.696906973440921
2025-05-08 18:30:00,1,13.376557993704738,10.696906973440921
2025-05-08 18:40:00,1,13.376127135636635,10.696906973440921
2025-05-08 18:50:00,1,13.373064398339856,10.696906973440921
2025-05-08 19:00:00,1,13.372633540271753,10.696906973440921
2025-05-08 19:10:00,1,13.369173693063566,10.696906973440921
2025-05-08 19:20:00,1,13.381437610904822,10.696906973440921
2025-05-08 19:30:00,1,13.381006752836718,8.916462101846319
2025-05-08 19:40:00,1,13.37794401553994,8.916462101846319
2025-05-08 19:50:00,1,13.383363912865702,8.916462101846319
2025-05-08 20:00:00,1,13.384818655076103,8.916462101846319
2025-05-08 20:10:00,1,13.410265633075143,19.783183244207482
2025-05-08 20:20:00,1,13.407120262872501,19.63677413105902
2025-05-08 20:30:00,1,13.414460729034628,19.63677413105902
2025-05-08 20:40:00,1,13.421702783536222,19.63677413105902
2025-05-08 20:50:00,1,13.427594282134082,19.63677413105902
2025-05-08 21:00:00,1,13.4279163920049,19.63677413105902
2025-05-08 21:10:00,1,13.375884337339757,15.034613485667977
2025-05-08 21:20:00,1,13.419570328073242,8.870659527713244
2025-05-08 21:30:00,1,13.400518201855391,8.870659527713244
2025-05-08 21:40:00,1,13.437183397797218,8.870659527713244
2025-05-08 21:50:00,1,13.427437745020761,12.117184050925925
2025-05-08 22:00:00,1,13.39718922999607,12.117184050925925
2025-05-08 22:10:00,1,13.447448119415606,12.117184050925925
2025-05-08 22:20:00,1,13.433428941176508,12.263593164074392
2025-05-08 22:30:00,1,13.473008726083352,16.81544800923337
2025-05-08 22:40:00,1,13.450548832164554,16.81544800923337
2025-05-08 22:50:00,1,13.4664861534096,16.66903889608491
2025-05-08 23:00:00,1,13.455661461431143,16.66903889608491
2025-05-08 23:10:00,1,13.455554352125569,13.630248782965479
2025-05-08 23:20:00,1,13.457288195585312,21.290453631391113
2025-05-08 23:30:00,1,13.459249309837098,24.785883189662357
2025-05-08 23:40:00,1,13.45771202867923,24.785883189662357
2025-05-08 23:50:00,1,13.45251509473081,13.630248782965479
2025-05-09 00:00:00,1,13.44772483456155,13.630248782965479
2025-05-09 00:10:00,1,13.442429488952596,13.630248782965479
2025-05-09 00:20:00,1,13.437232555004176,10.383724259752809
2025-05-09 00:30:00,1,13.42940374182708,9.719107952492442
2025-05-09 00:40:00,1,13.429642926681268,9.719107952492442
2025-05-09 00:50:00,1,13.42519896067177,10.383724259752809
2025-05-09 01:00:00,1,13.420002026723349,10.383724259752809
2025-05-09 01:10:00,1,13.411793435218899,10.383724259752809
2025-05-09 01:20:00,1,13.412032620073086,9.719107952492442
2025-05-09 01:30:00,1,13.406835686124666,9.719107952492442
2025-05-09 01:40:00,1,13.39900687294757,9.719107952492442
2025-05-09 01:50:00,1,13.380560123148369,9.719107952492442
2025-05-09 02:00:00,1,13.414466568938913,10.34781021316992
2025-05-09 02:10:00,1,13.385624824435398,10.34781021316992
2025-05-09 02:20:00,1,13.43086709595453,10.34781021316992
2025-05-09 02:30:00,1,13.387483737178465,14.258951043642957
2025-05-09 02:40:00,1,13.407619305717713,14.996943960824197
2025-05-09 02:50:00,1,13.38064214665401,11.750419437611523
2025-05-09 03:00:00,1,13.419562061507179,11.750419437611523
2025-05-09 03:10:00,1,13.39966658908515,11.859500210700693
2025-05-09 03:20:00,1,13.437888065812624,11.753592020126051
2025-05-09 03:30:00,1,13.398899984958048,11.753592020126051
2025-05-09 03:40:00,1,13.44414225647718,11.753592020126051
2025-05-09 03:50:00,1,13.4182113818872,15.000116543338722
2025-05-09 04:00:00,1,13.463453653406333,12.303711238646883
2025-05-09 04:10:00,1,13.435165577265751,11.639094931386516
2025-05-09 04:20:00,1,13.471073834562889,15.623375777454926
2025-05-09 04:30:00,1,13.458193888875838,14.958759470194561
2025-05-09 04:40:00,1,13.496415365603312,14.958759470194561
2025-05-09 04:50:00,1,13.457080990588974,14.958759470194561
2025-05-09 05:00:00,1,13.495654611282381,14.958759470194561
2025-05-09 05:10:00,1,13.475006170921432,14.408640251673729
2025-05-09 05:20:00,1,13.50655899682318,14.958759470194561
2025-05-09 05:30:00,1,13.495388010684962,14.408640251673729
2025-05-09 05:40:00,1,13.501530792214135,14.408640251673729
2025-05-09 05:50:00,1,13.497584545790062,14.408640251673729
2025-05-09 06:00:00,1,13.492029014397838,14.408640251673729
2025-05-09 06:10:00,1,13.48794444669286,14.408640251673729
2025-05-09 06:20:00,1,13.509844635036817,9.207643785541427
2025-05-09 06:30:00,1,13.62331683352892,9.584439684614184
2025-05-09 06:40:00,1,13.622049380915394,8.439833640049175
2025-05-09 06:50:00,1,13.614625938470395,8.072121423543424
2025-05-09 07:00:00,1,13.644995582816527,8.669239335924566
2025-05-09 07:10:00,1,13.688842951665592,10.680212488833662
2025-05-09 07:20:00,1,13.66807907930877,13.908541201696298
2025-05-09 07:30:00,1,13.728364724157665,13.928085396015181
2025-05-09 07:40:00,1,13.704433401465204,13.928085396015181
2025-05-09 07:50:00,1,13.77048593305139,22.866990018150705
2025-05-09 08:00:00,1,13.755613080219403,22.866990018150705
2025-05-09 08:10:00,1,13.79560128143341,81.55255902725476
2025-05-09 08:20:00,1,13.802867317352252,81.75536373258049
2025-05-09 08:30:00,1,13.825509880681983,44.67950187432427
2025-05-09 08:40:00,1,13.835922979566927,45.24835082465662
2025-05-09 08:50:00,1,13.854260754906083,44.476697168998534
2025-05-09 09:00:00,1,13.869602651443877,26.57197767042215
2025-05-09 09:10:00,1,13.869258641462846,18.81282305700234
2025-05-09 09:20:00,1,13.882507108323601,15.964844480472697
2025-05-09 09:30:00,1,13.886697105323883,15.964844480472697
2025-05-09 09:40:00,1,13.88785811318408,15.964844480472697
2025-05-09 09:50:00,1,13.841883962603017,12.43031176998836
2025-05-09 10:00:00,1,13.890728515108714,14.219935473770352
2025-05-09 10:10:00,1,13.852308446974709,12.43031176998836
2025-05-09 10:20:00,1,13.905222388561603,11.96559765837202
2025-05-09 10:30:00,1,13.881869869294274,11.96559765837202
2025-05-09 10:40:00,1,13.927763016089509,11.96559765837202
2025-05-09 10:50:00,1,13.913364732716818,11.96559765837202
2025-05-09 11:00:00,1,13.963709253587504,11.96559765837202
2025-05-09 11:10:00,1,13.958369440075288,11.96559765837202
2025-05-09 11:20:00,1,13.96255943707557,11.96559765837202
2025-05-09 11:30:00,1,13.955264546939354,11.96559765837202
2025-05-09 11:40:00,1,13.960439288666793,11.96559765837202
2025-05-09 11:50:00,1,13.956173387670662,12.43031176998836
2025-05-09 12:00:00,1,13.969421854531417,11.96559765837202
2025-05-09 12:10:00,1,13.96788008937221,11.96559765837202
2025-05-09 12:20:00,1,13.921905938791147,9.82695481971129
2025-05-09 12:30:00,1,13.799625368243007,9.82695481971129
2025-05-09 12:40:00,1,13.86227780369965,9.82695481971129
2025-05-09 12:50:00,1,13.834631151507583,9.82695481971129
2025-05-09 13:00:00,1,13.890929940262073,9.82695481971129
2025-05-09 13:10:00,1,13.895564843051949,19.48958882627932
2025-05-09 13:20:00,1,13.88135432636796,18.834488505168768
2025-05-09 13:30:00,1,13.943197371399027,18.692540701017588
2025-05-09 13:40:00,1,13.871856802467896,18.692540701017588
2025-05-09 13:50:00,1,13.963765009043692,18.692540701017588
2025-05-09 14:00:00,1,13.902868940820268,18.885195758186644
2025-05-09 14:10:00,1,13.970322825612737,18.776673372441845
2025-05-09 14:20:00,1,13.940407036999304,19.34990986980299
2025-05-09 14:30:00,1,14.006030599290668,22.417906663092023
2025-05-09 14:40:00,1,13.998544864790363,22.417906663092023
2025-05-09 14:50:00,1,14.014713335629287,20.852935666154412
2025-05-09 15:00:00,1,14.020440854991422,20.852935666154412
2025-05-09 15:10:00,1,14.025132217028599,19.851265037192025
2025-05-09 15:20:00,1,14.040321765445668,22.23603938595159
2025-05-09 15:30:00,1,14.05261384672191,19.851265037192025
2025-05-09 15:40:00,1,14.058843336939038,19.851265037192025
2025-05-09 15:50:00,1,14.076797558434526,16.130789832211324
2025-05-09 16:00:00,1,14.075579795774843,16.59550394382767
2025-05-09 16:10:00,1,14.090867755852445,18.71435307477424
2025-05-09 16:20:00,1,14.108855087686658,18.71435307477424
2025-05-09 16:30:00,1,14.1211471689629,16.323444889380387
2025-05-09 16:40:00,1,14.122925285104577,16.323444889380387
2025-05-09 16:50:00,1,14.12167441210617,16.323444889380387
2025-05-09 17:00:00,1,14.123452528247848,16.323444889380387
2025-05-09 17:10:00,1,14.13874048832545,16.323444889380387
2025-05-09 17:20:00,1,14.137522725665766,16.323444889380387
2025-05-09 17:30:00,1,14.144896595835823,16.323444889380387
2025-05-09 17:40:00,1,14.151305538164367,15.960362467057125
2025-05-09 17:50:00,1,14.157535028381496,15.909655214039244
2025-05-09 18:00:00,1,14.159313144523173,15.909655214039244
2025-05-09 18:10:00,1,14.174601104600775,15.909655214039244
2025-05-09 18:20:00,1,14.177834716016543,13.761133885173598
2025-05-09 18:30:00,1,14.19366038279797,13.761133885173598
2025-05-09 18:40:00,1,14.20150108999876,13.761133885173598
2025-05-09 18:50:00,1,14.25947791702937,13.761133885173598
2025-05-09 19:00:00,1,14.264112819819246,9.61630305340988
2025-05-09 19:10:00,1,14.262226435890229,12.078544166083597
2025-05-09 19:20:00,1,14.350626149423286,12.078544166083597
2025-05-09 19:30:00,1,14.28247064984874,9.484777029783173
2025-05-09 19:40:00,1,14.376865306940177,9.431605059908662
2025-05-09 19:50:00,1,14.5206824034758,9.431605059908662
2025-05-09 20:00:00,1,14.453474886483596,9.323082674163865
2025-05-09 20:10:00,1,14.696514690400248,9.718273209190722
2025-05-09 20:20:00,1,14.749732147450215,9.253559097574383
2025-05-09 20:30:00,1,14.919112984566512,9.253559097574383
2025-05-09 20:40:00,1,15.006994291100384,9.253559097574383
2025-05-09 20:50:00,1,15.088051585540864,9.253559097574383
2025-05-09 21:00:00,1,15.16598247208304,9.253559097574383
2025-05-09 21:10:00,1,15.29492695540223,9.145036711829583
2025-05-09 21:20:00,1,15.193336929959244,9.253559097574383
2025-05-09 21:30:00,1,15.280216843503117,9.253559097574383
2025-05-09 21:40:00,1,15.260637961588102,9.763505148429624
2025-05-09 21:50:00,1,15.34319937727002,12.35727228473005
2025-05-09 22:00:00,1,15.566266534928138,9.763505148429624
2025-05-09 22:10:00,1,15.469930760624205,12.35727228473005
2025-05-09 22:20:00,1,15.551384123758806,12.076110184449858
2025-05-09 22:30:00,1,15.520033018705812,15.241222081858083
2025-05-09 22:40:00,1,15.877334246037298,15.241222081858083
2025-05-09 22:50:00,1,15.75523355247911,18.766066450212005
2025-05-09 23:00:00,1,16.23189769122774,18.766066450212005
2025-05-09 23:10:00,1,16.283445816096318,18.766066450212005
2025-05-09 23:20:00,1,16.427758112387753,12.592754306144178
2025-05-09 23:30:00,1,16.343764079631654,12.17604211806847
2025-05-09 23:40:00,1,16.72939936036889,9.582274981768045
2025-05-09 23:50:00,1,16.791582094209858,9.117560870151705
2025-05-10 00:00:00,1,16.78228441365734,9.582274981768045
2025-05-10 00:10:00,1,16.878621312897963,9.582274981768045
2025-05-10 00:20:00,1,16.849017181133398,9.582274981768045
2025-05-10 00:30:00,1,16.9267294764101,12.17604211806847
2025-05-10 00:40:00,1,17.09187865263439,12.17604211806847
2025-05-10 00:50:00,1,17.180987848412673,9.582274981768045
2025-05-10 01:00:00,1,17.25981166302807,7.812057139855073
2025-05-10 01:10:00,1,17.420333030722418,9.041997991666882
2025-05-10 01:20:00,1,17.501731007412644,9.041997991666882
2025-05-10 01:30:00,1,17.617340107064223,8.577283880050542
2025-05-10 01:40:00,1,17.626037498609453,7.684466779079074
2025-05-10 01:50:00,1,17.667733707860076,10.742948026995832
2025-05-10 02:00:00,1,18.025790603535757,8.149180890695414
2025-05-10 02:10:00,1,18.14685135740056,7.136141837354331
2025-05-10 02:20:00,1,18.269416592488255,7.136141837354331
2025-05-10 02:30:00,1,18.39198182757595,7.136141837354331
2025-05-10 02:40:00,1,18.50725061702795,7.136141837354331
2025-05-10 02:50:00,1,18.571255042570655,7.136141837354331
2025-05-10 03:00:00,1,18.784715688943113,7.136141837354331
2025-05-10 03:10:00,1,18.680945712544812,7.600855948970671
2025-05-10 03:20:00,1,18.953150002497743,7.600855948970671
2025-05-10 03:30:00,1,18.96565083411638,10.194623085271092
2025-05-10 03:40:00,1,19.378987998961737,8.11999031608614
2025-05-10 03:50:00,1,19.396395701432052,7.298233691687552
2025-05-10 04:00:00,1,19.795361109497126,7.561494206394559
2025-05-10 04:10:00,1,19.823626941930637,7.561494206394559
2025-05-10 04:20:00,1,20.127799593126955,8.047899416826686
2025-05-10 04:30:00,1,20.227659995442576,8.047899416826686
2025-05-10 04:40:00,1,20.419467419127255,8.858492519044706
2025-05-10 04:50:00,1,20.553845634858067,8.686102622591966
2025-05-10 05:00:00,1,20.737269518531626,8.686102622591966
2025-05-10 05:10:00,1,20.813052269654786,8.221388510975624
2025-05-10 05:20:00,1,20.863827741369484,7.936436897452832
2025-05-10 05:30:00,1,21.131126359672532,7.936436897452832
2025-05-10 05:40:00,1,21.247295109400344,7.936436897452832
2025-05-10 05:50:00,1,21.2162801271649,10.075802657406781
2025-05-10 06:00:00,1,21.552093725356603,10.075802657406781
2025-05-10 06:10:00,1,21.595178060911294,8.401151009069173
2025-05-10 06:20:00,1,21.90000119484858,8.494553452260172
2025-05-10 06:30:00,1,21.904123883268948,8.494553452260172
2025-05-10 06:40:00,1,22.217295310418912,8.494553452260172
2025-05-10 06:50:00,1,22.333464060146724,8.494553452260172
2025-05-10 07:00:00,1,22.473146523347985,9.101674031849804
2025-05-10 07:10:00,1,22.548226897330302,9.101674031849804
2025-05-10 07:20:00,1,22.66718349604341,8.182558543886989
2025-05-10 07:30:00,1,22.743752072252324,8.182558543886989
2025-05-10 07:40:00,1,22.91657502921005,8.182558543886989
2025-05-10 07:50:00,1,22.996874968646196,8.182558543886989
2025-05-10 08:00:00,1,23.18060481095751,8.748422439607317
2025-05-10 08:10:00,1,23.34623638851211,9.386625645372597
2025-05-10 08:20:00,1,23.558347033763273,9.101674031849804
2025-05-10 08:30:00,1,23.624695397835463,9.101674031849804
2025-05-10 08:40:00,1,23.85949169765018,9.101674031849804
2025-05-10 08:50:00,1,23.935650926523397,9.101674031849804
2025-05-10 09:00:00,1,24.054607525236506,9.101674031849804
2025-05-10 09:10:00,1,24.185899234289213,9.101674031849804
2025-05-10 09:20:00,1,24.262467810498126,9.101674031849804
2025-05-10 09:30:00,1,24.381424409211235,9.101674031849804
2025-05-10 09:40:00,1,24.522561262931635,6.280599601967653
2025-05-10 09:50:00,1,24.594399412802222,6.280599601967653
2025-05-10 10:00:00,1,24.879232053990663,6.280599601967653
2025-05-10 10:10:00,1,24.945765138694476,5.3614841140048375
2025-05-10 10:20:00,1,25.24251076784516,6.280599601967653
2025-05-10 10:30:00,1,25.251722892036696,6.280599601967653
2025-05-10 10:40:00,1,25.622955797447585,17.762126970364232
2025-05-10 10:50:00,1,25.852186771128764,16.50432455661388
2025-05-10 11:00:00,1,26.093115871721523,16.281142841812397
2025-05-10 11:10:00,1,26.37019770846165,15.407259293088478
2025-05-10 11:20:00,1,26.496682688532843,15.407259293088478
2025-05-10 11:30:00,1,26.670188967510512,15.362027353849575
2025-05-10 11:40:00,1,26.830877232631423,17.23129320476005
2025-05-10 11:50:00,1,26.995703596295495,17.22497102277067
2025-05-10 12:00:00,1,27.169462877821395,17.22497102277067
2025-05-10 12:10:00,1,27.32669237628157,17.514553187431734
2025-05-10 12:20:00,1,27.492483667787155,21.08194533916605
2025-05-10 12:30:00,1,27.6587716361078,18.90829255357181
2025-05-10 12:40:00,1,27.751603287396506,17.514553187431734
2025-05-10 12:50:00,1,27.900709693553384,17.514553187431734
2025-05-10 13:00:00,1,28.07459452707793,17.160363935988872
2025-05-10 13:10:00,1,28.23747034367692,19.564788772546557
2025-05-10 13:20:00,1,28.402296707340994,19.564788772546557
2025-05-10 13:30:00,1,28.5053985070032,19.564788772546557
2025-05-10 13:40:00,1,28.702262476371516,19.564788772546557
2025-05-10 13:50:00,1,28.85252640519933,19.564788772546557
2025-05-10 14:00:00,1,29.036010118595097,19.76354230529455
2025-05-10 14:10:00,1,29.14128508691187,19.76354230529455
2025-05-10 14:20:00,1,29.354173095773017,19.76354230529455
2025-05-10 14:30:00,1,29.520461064093663,19.473960140633487
2025-05-10 14:40:00,1,29.652102246744157,11.510022552254465
2025-05-10 14:50:00,1,29.825708952611123,13.351333249306027
2025-05-10 15:00:00,1,29.89116004549456,18.01326906290358
2025-05-10 15:10:00,1,30.145003957165606,88.71011329403997
2025-05-10 15:20:00,1,30.252374729712113,87.67649511463468
2025-05-10 15:30:00,1,30.43617772229838,87.67649511463468
2025-05-10 15:40:00,1,30.507739409894544,89.84721323603071
2025-05-10 15:50:00,1,30.819709658753347,89.80198129679181
2025-05-10 16:00:00,1,30.896399505574422,53.358425105355316
2025-05-10 16:10:00,1,31.14895948865216,36.440922265792146
2025-05-10 16:20:00,1,31.239122372960626,33.14702058839462
2025-05-10 16:30:00,1,31.4778341378908,33.14702058839462
2025-05-10 16:40:00,1,31.664481204900888,30.36073114761526
2025-05-10 16:50:00,1,31.81131078302366,13.713453067114257
2025-05-10 17:00:00,1,32.03983791422539,13.713453067114257
2025-05-10 17:10:00,1,32.22115443893802,13.713453067114257
2025-05-10 17:20:00,1,32.296908053924064,13.713453067114257
2025-05-10 17:30:00,1,32.657319432761284,13.713453067114257
2025-05-10 17:40:00,1,32.79054395157974,13.713453067114257
2025-05-10 17:50:00,1,33.01865652085484,13.713453067114257
2025-05-10 18:00:00,1,33.088122988281995,13.713453067114257
2025-05-10 18:10:00,1,33.39028237233977,13.713453067114257
2025-05-10 18:20:00,1,33.463110135621555,13.713453067114257
2025-05-10 18:30:00,1,33.77689192363395,13.713453067114257
2025-05-10 18:40:00,1,33.855228737793325,13.923658577915868
2025-05-10 18:50:00,1,34.07382694436101,13.923658577915868
2025-05-10 19:00:00,1,34.21706203803475,13.474927948992917
2025-05-10 19:10:00,1,34.45251181613536,13.111897239743495
2025-05-10 19:20:00,1,34.60212003695332,13.111897239743495
2025-05-10 19:30:00,1,34.78741104813148,12.081188582852848
2025-05-10 19:40:00,1,34.87432110708928,12.035956643613945
2025-05-10 19:50:00,1,35.13376054043231,13.429696009754014
2025-05-10 20:00:00,1,35.269572544657876,13.429696009754014
2025-05-10 20:10:00,1,35.51639735818903,13.429696009754014
2025-05-10 20:20:00,1,35.643186754079835,13.429696009754014
2025-05-10 20:30:00,1,35.825598798845895,13.14715303726863
2025-05-10 20:40:00,1,36.0147081927844,11.543208160326948
2025-05-10 20:50:00,1,36.219536234982854,11.825751132812334
2025-05-10 21:00:00,1,36.36298096593803,11.825751132812334
2025-05-10 21:10:00,1,36.609750884944816,11.543208160326948
2025-05-10 21:20:00,1,36.739925128003215,11.543208160326948
2025-05-10 21:30:00,1,36.91075063034038,11.543208160326948
2025-05-10 21:40:00,1,37.0215939390675,11.246067657726837
2025-05-10 21:50:00,1,37.26275446112537,11.246067657726837
2025-05-10 22:00:00,1,37.310990447589575,11.246067657726837
2025-05-10 22:10:00,1,37.50394723483143,11.246067657726837
2025-05-10 22:20:00,1,37.495565514787145,11.246067657726837
2025-05-10 22:30:00,1,37.680624748781305,6.314048859689895
2025-05-10 22:40:00,1,37.724599204981246,6.7067729092863475
2025-05-10 22:50:00,1,37.94986793547836,6.7067729092863475
2025-05-10 23:00:00,1,38.061571165906656,6.752004848525251
2025-05-10 23:10:00,1,38.297669728245765,12.513532530237105
2025-05-10 23:20:00,1,38.42451407102266,40.56408767373044
2025-05-10 23:30:00,1,38.533412472043125,40.300277515023204
2025-05-10 23:40:00,1,38.83316728611448,86.24178536701879
2025-05-10 23:50:00,1,38.93815628213396,85.97797520831156
2025-05-11 00:00:00,1,39.169218221572514,85.97797520831156
2025-05-11 00:10:00,1,39.29955748070874,42.61198554261374
2025-05-11 00:20:00,1,39.446530577681116,40.57468826272741
2025-05-11 00:30:00,1,39.62719406992721,19.822707112560497
2025-05-11 00:40:00,1,39.789106724459614,42.61198554261374
2025-05-11 00:50:00,1,39.96791597863385,19.822707112560497
2025-05-11 01:00:00,1,40.13237066792655,12.809634376757105
2025-05-11 01:10:00,1,40.302121452240314,7.904973657880737
2025-05-11 01:20:00,1,40.48096656794027,6.2720372885233076
2025-05-11 01:30:00,1,40.64829769938456,7.904973657880737
2025-05-11 01:40:00,1,40.837314647863465,6.4822427993249185
2025-05-11 01:50:00,1,40.99922730239587,6.4822427993249185
2025-05-11 02:00:00,1,41.17807241809583,6.4822427993249185
2025-05-11 02:10:00,1,41.34423559225232,7.904973657880737
2025-05-11 02:20:00,1,41.52304484642655,6.4822427993249185
2025-05-11 02:30:00,1,41.69020880995026,6.556199498830985
2025-05-11 02:40:00,1,41.87926161995489,7.904973657880737
2025-05-11 02:50:00,1,42.04542554566917,5.5631273113621
2025-05-11 03:00:00,1,42.21145875863799,7.904973657880737
2025-05-11 03:10:00,1,42.37963211889829,5.5631273113621
2025-05-11 03:20:00,1,42.53874700929812,7.904973657880737
2025-05-11 03:30:00,1,42.7068845080327,5.352921800560489
2025-05-11 03:40:00,1,42.85746189879232,9.24792438704736
2025-05-11 03:50:00,1,42.99636066115866,9.458129897848972
2025-05-11 04:00:00,1,43.14136934399167,9.458129897848972
2025-05-11 04:10:00,1,43.276761143756204,9.24792438704736
2025-05-11 04:20:00,1,43.35886689322388,9.24792438704736
2025-05-11 04:30:00,1,43.585095667760235,9.24792438704736
2025-05-11 04:40:00,1,43.68204087018875,9.24792438704736
2025-05-11 04:50:00,1,43.939049094835816,9.24792438704736
2025-05-11 05:00:00,1,44.03506523094853,9.24792438704736
2025-05-11 05:10:00,1,44.259854288965464,9.24792438704736
2025-05-11 05:20:00,1,44.31179244153217,9.24792438704736
2025-05-11 05:30:00,1,44.59627321084796,9.24792438704736
2025-05-11 05:40:00,1,44.69376865567851,9.24792438704736
2025-05-11 05:50:00,1,45.00167004248668,9.24792438704736
2025-05-11 06:00:00,1,45.098607074109225,9.24792438704736
2025-05-11 06:10:00,1,45.406508460917394,9.24792438704736
2025-05-11 06:20:00,1,45.496929057439765,9.539788981325664
2025-05-11 06:30:00,1,45.81392477563413,9.539788981325664
2025-05-11 06:40:00,1,45.9018033373962,9.539788981325664
2025-05-11 06:50:00,1,46.23547442823171,9.749994492127275
2025-05-11 07:00:00,1,46.33296987306226,9.749994492127275
2025-05-11 07:10:00,1,46.64317159075588,12.091840838645913
2025-05-11 07:20:00,1,46.74010862237842,12.091840838645913
2025-05-11 07:30:00,1,47.05249941978268,9.749994492127275
2025-05-11 07:40:00,1,47.154889219493796,6.4329801264397535
2025-05-11 07:50:00,1,47.56834018321539,6.2227746156381425
2025-05-11 08:00:00,1,47.58531720189872,6.2227746156381425
2025-05-11 08:10:00,1,47.90604210759581,5.3549332853410085
2025-05-11 08:20:00,1,47.94923787257346,5.3549332853410085
2025-05-11 08:30:00,1,48.26494395661317,5.3549332853410085
2025-05-11 08:40:00,1,48.34452904379566,10.939458886406527
2025-05-11 08:50:00,1,48.48427825923677,7.849315807808711
2025-05-11 09:00:00,1,48.76561508309533,7.849315807808711
2025-05-11 09:10:00,1,48.95229415080447,8.055877572589626
2025-05-11 09:20:00,1,49.08984996611002,14.783619020659232
2025-05-11 09:30:00,1,49.34534490089858,11.047981272151324
2025-05-11 09:40:00,1,49.44079455753772,10.895445096202256
2025-05-11 09:50:00,1,49.690914120985816,10.895445096202256
2025-05-11 10:00:00,1,49.731898281509814,10.895445096202256
2025-05-11 10:10:00,1,49.99986405271803,11.088100153371313
2025-05-11 10:20:00,1,50.103562328929726,11.088100153371313
2025-05-11 10:30:00,1,50.42002742917623,14.823737901879221
2025-05-11 10:40:00,1,50.4862237516959,12.272932867331633
2025-05-11 10:50:00,1,50.7787260098785,12.110541667042892
2025-05-11 11:00:00,1,50.848011135189715,35.43699051802556
2025-05-11 11:10:00,1,51.025236877263154,35.57157622547444
2025-05-11 11:20:00,1,51.12695316432928,16.24625625292554
2025-05-11 11:30:00,1,51.46760693177118,18.046960700870507
2025-05-11 11:40:00,1,51.53284232265883,35.57157622547444
2025-05-11 11:50:00,1,51.822016231810544,94.81044814911772
2025-05-11 12:00:00,1,51.870467352290945,131.28057578278953
2025-05-11 12:10:00,1,52.172734635885554,94.65791197316865
2025-05-11 12:20:00,1,52.22967359829015,57.17960340679312
2025-05-11 12:30:00,1,52.44804286935863,35.01016789025194
2025-05-11 12:40:00,1,52.48340790764973,17.48555236564802
2025-05-11 12:50:00,1,52.774511770311435,17.48555236564802
2025-05-11 13:00:00,1,52.83609151503185,11.998646415507089
2025-05-11 13:10:00,1,53.109065158057945,14.309503514418846
2025-05-11 13:20:00,1,53.10698206096028,14.309503514418846
2025-05-11 13:30:00,1,53.343969363408014,14.309503514418846
2025-05-11 13:40:00,1,53.42899309997993,14.998087199175366
2025-05-11 13:50:00,1,53.67837442074336,14.998087199175366
2025-05-11 14:00:00,1,53.771208611368046,14.998087199175366
2025-05-11 14:10:00,1,54.053240724254614,14.998087199175366
2025-05-11 14:20:00,1,54.11482046897503,14.998087199175366
2025-05-11 14:30:00,1,54.393687377590915,14.998087199175366
2025-05-11 14:40:00,1,54.44531391053674,14.998087199175366
2025-05-11 14:50:00,1,54.72426800994364,14.998087199175366
2025-05-11 15:00:00,1,54.72214905132026,14.998087199175366
2025-05-11 15:10:00,1,55.022588514995505,13.132710099629474
2025-05-11 15:20:00,1,55.08472667292393,12.493605158515123
2025-05-11 15:30:00,1,55.35835342459694,13.329639587019711
2025-05-11 15:40:00,1,55.41382077002568,13.48217576296878
2025-05-11 15:50:00,1,55.67666840788372,13.48217576296878
2025-05-11 16:00:00,1,55.759894606094676,12.646141334464192
2025-05-11 16:10:00,1,56.06217454502754,12.493605158515123
2025-05-11 16:20:00,1,56.045781678265946,11.53363714032957
2025-05-11 16:30:00,1,56.651684026931704,9.431191932683294
2025-05-11 16:40:00,1,57.663618695888744,14.159708103416191
2025-05-11 16:50:00,1,58.116630572217126,17.99782547130983
2025-05-11 17:00:00,1,58.594148985640544,17.99782547130983
2025-05-11 17:10:00,1,58.98111649671083,19.73849860287716
2025-05-11 17:20:00,1,59.4645424370052,14.625517278904974
2025-05-11 17:30:00,1,59.718308146594204,12.491296966708159
2025-05-11 17:40:00,1,60.0781055523336,11.0688601388498
2025-05-11 17:50:00,1,60.43021246505956,11.0688601388498
2025-05-11 18:00:00,1,60.73634720744705,12.073353371555179
2025-05-11 18:10:00,1,61.096555832997936,11.0688601388498
2025-05-11 18:20:00,1,61.40269057538542,11.0688601388498
2025-05-11 18:30:00,1,61.708825317772906,12.073353371555179
2025-05-11 18:40:00,1,62.06381194370146,9.18400297971058
2025-05-11 18:50:00,1,62.31802857689803,9.18400297971058
2025-05-11 19:00:00,1,62.43905251444925,8.478950021759815
2025-05-11 19:10:00,1,62.8079669664045,8.478950021759815
2025-05-11 19:20:00,1,62.946168791239025,7.559834533796996
2025-05-11 19:30:00,1,63.35116004427072,7.559834533796996
2025-05-11 19:40:00,1,63.482260945647546,7.559834533796996
2025-05-11 19:50:00,1,63.87925625351034,7.559834533796996
2025-05-11 20:00:00,1,63.9661746057941,7.559834533796996
2025-05-11 20:10:00,1,64.35485930692826,9.154727923405558
2025-05-11 20:20:00,1,64.44181352073774,9.154727923405558
2025-05-11 20:30:00,1,64.72057698828998,9.154727923405558
2025-05-11 20:40:00,1,64.80706565572093,9.154727923405558
2025-05-11 20:50:00,1,65.09981524179973,9.154727923405558
2025-05-11 21:00:00,1,65.17620580376894,9.154727923405558
2025-05-11 21:10:00,1,65.5122563382591,9.154727923405558
2025-05-11 21:20:00,1,65.6613502865312,9.154727923405558
2025-05-11 21:30:00,1,65.72383631631743,9.154727923405558
2025-05-11 21:40:00,1,66.00240377984771,9.154727923405558
2025-05-11 21:50:00,1,66.08243732708723,9.154727923405558
2025-05-11 22:00:00,1,66.41829185755545,9.154727923405558
2025-05-11 22:10:00,1,66.36237319576206,9.154727923405558
2025-05-11 22:20:00,1,66.90682012063876,9.154727923405558
2025-05-11 22:30:00,1,66.71653479733554,10.319844919772752
2025-05-11 22:40:00,1,67.2621426540757,10.319844919772752
2025-05-11 22:50:00,1,67.25947767753654,10.319844919772752
2025-05-11 23:00:00,1,67.80272621231269,10.319844919772752
2025-05-11 23:10:00,1,67.79440184674127,10.319844919772752
2025-05-11 23:20:00,1,68.34657595875063,13.276353742823854
2025-05-11 23:30:00,1,68.37315991369843,13.276353742823854
2025-05-11 23:40:00,1,68.7793393653889,13.123817566874786
2025-05-11 23:50:00,1,68.66512297556169,13.123817566874786
2025-05-12 00:00:00,1,69.16612617256158,10.530050430574363
2025-05-12 00:10:00,1,69.05719502044019,13.801541413053538
2025-05-12 00:20:00,1,69.62196019245962,13.801541413053538
2025-05-12 00:30:00,1,69.50444506621002,15.921842018260882
2025-05-12 00:40:00,1,70.10172216175266,13.123817566874786
2025-05-12 00:50:00,1,69.97736569994287,15.921842018260882
2025-05-12 01:00:00,1,70.59335455749249,13.954077589002607
2025-05-12 01:10:00,1,70.51515959398785,13.801541413053538
2025-05-12 01:20:00,1,71.08296831621293,10.72270548774342
2025-05-12 01:30:00,1,71.00126058950754,10.836155088120687
2025-05-12 01:40:00,1,71.54446380188678,10.72270548774342
2025-05-12 01:50:00,1,71.3826379707166,10.72270548774342
2025-05-12 02:00:00,1,71.86999383267732,10.72270548774342
2025-05-12 02:10:00,1,71.69835713670612,10.51249997694181
2025-05-12 02:20:00,1,72.24396499344628,10.72270548774342
2025-05-12 02:30:00,1,72.25994051519498,13.316472624043843
2025-05-12 02:40:00,1,72.80208988215774,13.316472624043843
2025-05-12 02:50:00,1,72.69215794066912,10.72270548774342
2025-05-12 03:00:00,1,73.29932554128648,13.469008799992912
2025-05-12 03:10:00,1,73.31103774535008,14.146732646171664
2025-05-12 03:20:00,1,73.79673547573007,13.469008799992912
2025-05-12 03:30:00,1,73.68234998517109,13.316472624043843
2025-05-12 03:40:00,1,74.23062354667786,15.759716613373556
2025-05-12 03:50:00,1,74.16632381854934,17.8800172185809
2025-05-12 04:00:00,1,74.76437028503832,17.8800172185809
2025-05-12 04:10:00,1,74.63275409995317,17.8800172185809
2025-05-12 04:20:00,1,75.12325220056701,15.0819927671948
2025-05-12 04:30:00,1,75.00951937159091,13.76741791238389
2025-05-12 04:40:00,1,75.59835479733024,16.109264258902527
2025-05-12 04:50:00,1,75.52595764836525,16.109264258902527
2025-05-12 05:00:00,1,76.116232790624,13.76741791238389
2025-05-12 05:10:00,1,76.03404970638643,13.76741791238389
2025-05-12 05:20:00,1,76.62733868119612,13.57476285521483
2025-05-12 05:30:00,1,76.52558052397194,15.916609201733468
2025-05-12 05:40:00,1,77.11585566623069,13.76741791238389
2025-05-12 05:50:00,1,77.00212283725459,13.557212401582278
2025-05-12 06:00:00,1,77.54594284969099,13.76741791238389
2025-05-12 06:10:00,1,77.47718957249211,16.109264258902527
2025-05-12 06:20:00,1,78.06549438028358,13.164002613385545
2025-05-12 06:30:00,1,77.95119507183391,13.164002613385545
2025-05-12 06:40:00,1,78.53949987962538,13.164002613385545
2025-05-12 06:50:00,1,78.46410358518696,12.459996070569545
2025-05-12 07:00:00,1,79.06664812682259,13.164002613385545
2025-05-12 07:10:00,1,78.95238467989863,10.822156266866907
2025-05-12 07:20:00,1,79.49949006190154,13.164002613385545
2025-05-12 07:30:00,1,79.4302061667548,10.822156266866907
2025-05-12 07:40:00,1,79.97202066919202,14.06653081921013
2025-05-12 07:50:00,1,79.89982216547452,14.06653081921013
2025-05-12 08:00:00,1,80.44163666791174,12.349415201287774
2025-05-12 08:10:00,1,80.32538767873282,14.691261547806413
2025-05-12 08:20:00,1,80.9416463851426,19.295575995814044
2025-05-12 08:30:00,1,80.9525645064789,16.296272659149384
2025-05-12 08:40:00,1,81.37688789907119,13.834718829041341
2025-05-12 08:50:00,1,81.32256710572481,13.98725500499041
2025-05-12 09:00:00,1,81.92666906695253,13.98725500499041
2025-05-12 09:10:00,1,81.81390869900247,13.834718829041341
2025-05-12 09:20:00,1,82.31198537662328,13.834718829041341
2025-05-12 09:30:00,1,82.2398227344315,13.843766708881297
2025-05-12 09:40:00,1,82.73621592131009,14.498717931536321
2025-05-12 09:50:00,1,82.57152580215276,15.09390086766148
2025-05-12 10:00:00,1,83.12485581263486,14.237358148896407
2025-05-12 10:10:00,1,83.00474641628851,12.75205452114284
2025-05-12 10:20:00,1,83.54656091872573,12.287340409526502
2025-05-12 10:30:00,1,83.42620107575523,12.287340409526502
2025-05-12 10:40:00,1,84.05577653211112,15.371480579807015
2025-05-12 10:50:00,1,83.89065172246185,15.371480579807015
2025-05-12 11:00:00,1,84.52022717881775,15.371480579807015
2025-05-12 11:10:00,1,84.44408845450813,15.371480579807015
2025-05-12 11:20:00,1,85.02399493483665,15.371480579807015
2025-05-12 11:30:00,1,85.0734918450829,15.371480579807015
2025-05-12 11:40:00,1,85.52636807893383,16.036096887067377
2025-05-12 11:50:00,1,85.55139331247655,16.036096887067377
2025-05-12 12:00:00,1,86.02961086500942,15.371480579807015
2025-05-12 12:10:00,1,85.8632474554017,15.371480579807015
2025-05-12 12:20:00,1,86.40550939015769,16.036096887067377
2025-05-12 12:30:00,1,86.3890501937248,9.722337683034954
2025-05-12 12:40:00,1,87.51025084211877,21.260023881374124
2025-05-12 12:50:00,1,87.50179873850331,21.770249800560002
2025-05-12 13:00:00,1,88.19161543370156,32.06570331524151
2025-05-12 13:10:00,1,88.1305709689468,38.43791647943987
2025-05-12 13:20:00,1,88.84368661094106,41.96276084779377
2025-05-12 13:30:00,1,88.91260775282603,41.85423846204897
2025-05-12 13:40:00,1,89.30324856872382,67.30463845744777
2025-05-12 13:50:00,1,89.28121801180184,67.30463845744777
2025-05-12 14:00:00,1,89.87691238488217,67.30463845744777
2025-05-12 14:10:00,1,89.7591883540279,67.30463845744777
2025-05-12 14:20:00,1,90.21974813874262,49.93902911049438
2025-05-12 14:30:00,1,90.12063110530366,67.38158544684397
2025-05-12 14:40:00,1,90.71786776259339,42.03970783718998
2025-05-12 14:50:00,1,90.64464364685452,34.20691718330518
2025-05-12 15:00:00,1,91.19497774200313,38.514863468836076
2025-05-12 15:10:00,1,91.12572970838211,34.20691718330518
2025-05-12 15:20:00,1,91.72024906066589,29.663481228373687
2025-05-12 15:30:00,1,91.59288380393917,29.663481228373687
2025-05-12 15:40:00,1,92.18740315622296,29.663481228373687
2025-05-12 15:50:00,1,92.11815512260193,29.663481228373687
2025-05-12 16:00:00,1,92.75768988818865,29.663481228373687
2025-05-12 16:10:00,1,92.7326271117028,29.663481228373687
2025-05-12 16:20:00,1,93.32467961278805,30.328097535634054
2025-05-12 16:30:00,1,93.18877995419605,30.162649377519088
2025-05-12 16:40:00,1,93.85317091190505,31.546022384077553
2025-05-12 16:50:00,1,93.52104311431742,31.185252873172896
2025-05-12 17:00:00,1,93.72541672220294,31.046585689594846
2025-05-12 17:10:00,1,93.57707156230653,34.293110212807534
2025-05-12 17:20:00,1,93.84810700607302,42.21816062236176
2025-05-12 17:30:00,1,93.61697637649159,42.3568278059398
2025-05-12 17:40:00,1,93.86564752639545,36.432913190665076
2025-05-12 17:50:00,1,93.67643056050673,33.73299150164078
2025-05-12 18:00:00,1,93.92042810454659,30.4864669784281
2025-05-12 18:10:00,1,93.73121113865787,29.539662231809313
2025-05-12 18:20:00,1,93.9846397691714,29.539662231809313
2025-05-12 18:30:00,1,93.76443007449011,29.388740921204835
2025-05-12 18:40:00,1,94.01310122439396,29.250073737626785
2025-05-12 18:50:00,1,93.83145886029705,29.388740921204835
2025-05-12 19:00:00,1,94.0956053639732,28.653578770838624
2025-05-12 19:10:00,1,93.88062768836393,27.845441207797872
2025-05-12 19:20:00,1,94.12929883826779,27.845441207797872
2025-05-12 19:30:00,1,93.94260308997951,27.845441207797872
2025-05-12 19:40:00,1,94.19669271679524,27.70677402421983
2025-05-12 19:50:00,1,93.98171504118596,27.845441207797872
2025-05-12 20:00:00,1,94.23038619108982,28.792245954416668
2025-05-12 20:10:00,1,94.0458428310651,32.03877047762935
2025-05-12 20:20:00,1,94.30186852596712,26.0381768565356
2025-05-12 20:30:00,1,94.0956377927104,30.263440396079744
2025-05-12 20:40:00,1,94.35562201145005,30.094008255354986
2025-05-12 20:50:00,1,94.14453947170314,25.659853702518046
2025-05-12 21:00:00,1,94.39766417067736,23.372353666041086
2025-05-12 21:10:00,1,94.18250786018743,23.372353666041086
2025-05-12 21:20:00,1,94.43712817714568,23.372353666041086
2025-05-12 21:30:00,1,94.2493916323461,25.659853702518046
2025-05-12 21:40:00,1,94.49806278224996,23.522829572962497
2025-05-12 21:50:00,1,94.34688835496999,12.829520466572523
2025-05-12 22:00:00,1,94.60150867192824,12.829520466572523
2025-05-12 22:10:00,1,94.42025186856674,23.522829572962497
2025-05-12 22:20:00,1,94.67627756346876,23.522829572962497
2025-05-12 22:30:00,1,94.49411040739624,20.12582914282841
2025-05-12 22:40:00,1,94.74278155730009,19.46121283556804
2025-05-12 22:50:00,1,94.55318481308402,19.46121283556804
2025-05-12 23:00:00,1,94.79680257879652,19.524801374564035
2025-05-12 23:10:00,1,94.60720583458044,19.524801374564035
2025-05-12 23:20:00,1,94.85625676281165,19.524801374564035
2025-05-12 23:30:00,1,94.67857292255235,19.524801374564035
2025-05-12 23:40:00,1,94.93014506838401,19.524801374564035
2025-05-12 23:50:00,1,94.74560170835929,20.816998353988602
2025-05-13 00:00:00,1,95.00022202531754,18.687254620234985
2025-05-13 00:10:00,1,94.79311833634507,18.687254620234985
2025-05-13 00:20:00,1,95.05090776795237,18.837730527156396
2025-05-13 00:30:00,1,94.84874870954991,8.851226047929476
2025-05-13 00:40:00,1,95.11214151064833,8.989893231507526
2025-05-13 00:50:00,1,94.89458357767941,12.2364177547202
2025-05-13 01:00:00,1,95.12478638108102,11.493475004667388
2025-05-13 01:10:00,1,95.03752475409475,11.829702119488429
2025-05-13 01:20:00,1,95.6042068569779,9.599924121342
2025-05-13 01:30:00,1,95.49280016218272,7.006156985041573
2025-05-13 01:40:00,1,95.7889991722676,6.541442873425232
2025-05-13 01:50:00,1,95.56271767132115,6.541442873425232
2025-05-13 02:00:00,1,95.8592058710867,6.541442873425232
2025-05-13 02:10:00,1,95.62490303175365,6.897634599296774
2025-05-13 02:20:00,1,95.86076769294672,7.006156985041573
2025-05-13 02:30:00,1,95.69087194977192,6.541442873425232
2025-05-13 02:40:00,1,95.926736610965,6.541442873425232
2025-05-13 02:50:00,1,95.7552366341785,6.541442873425232
2025-05-13 03:00:00,1,95.98966157885216,6.541442873425232
2025-05-13 03:10:00,1,95.82875533136156,6.541442873425232
2025-05-13 03:20:00,1,96.06144245723299,6.197531540676555
2025-05-13 03:30:00,1,95.88990661892078,6.197531540676555
2025-05-13 03:40:00,1,96.12433156359444,7.68810146053637
2025-05-13 03:50:00,1,95.95283158680795,8.019561694441153
2025-05-13 04:00:00,1,96.18060454832622,8.019561694441153
2025-05-13 04:10:00,1,96.02620837762119,8.019561694441153
2025-05-13 04:20:00,1,96.26063332229485,8.019561694441153
2025-05-13 04:30:00,1,96.08909748398264,8.019561694441153
2025-05-13 04:40:00,1,96.3235224286563,8.019561694441153
2025-05-13 04:50:00,1,96.19003594685606,8.019561694441153
2025-05-13 05:00:00,1,96.43257167503313,7.958868262365115
2025-05-13 05:10:00,1,96.25333561907496,7.958868262365115
2025-05-13 05:20:00,1,96.48002448457694,7.958868262365115
2025-05-13 05:30:00,1,96.31112139845892,7.958868262365115
2025-05-13 05:40:00,1,96.5378102639609,7.958868262365115
2025-05-13 05:50:00,1,96.37674383081543,7.958868262365115
2025-05-13 06:00:00,1,96.59173640567907,7.958868262365115
2025-05-13 06:10:00,1,96.42167873390358,7.958868262365115
2025-05-13 06:20:00,1,96.65415821126294,7.963196967009454
2025-05-13 06:30:00,1,96.47256612213302,7.963196967009454
2025-05-13 06:40:00,1,96.69837453250838,7.963196967009454
2025-05-13 06:50:00,1,96.52381829994225,7.963196967009454
2025-05-13 07:00:00,1,96.7476177265972,7.963196967009454
2025-05-13 07:10:00,1,96.57639446883314,9.22205429342327
2025-05-13 07:20:00,1,96.79622874037273,9.22205429342327
2025-05-13 07:30:00,1,96.6216725078066,9.22205429342327
2025-05-13 07:40:00,1,96.85405141136509,12.003413070910446
2025-05-13 07:50:00,1,96.6790298154183,12.003413070910446
2025-05-13 08:00:00,1,96.90660016612958,12.153888977831855
2025-05-13 08:10:00,1,96.73978001273512,12.989538452960762
2025-05-13 08:20:00,1,96.9673503634464,13.312250952518227
2025-05-13 08:30:00,1,96.81688859329877,12.374286740006365
2025-05-13 08:40:00,1,97.12557863463685,12.374286740006365
2025-05-13 08:50:00,1,96.94493614177598,12.0515742404489
2025-05-13 09:00:00,1,97.15688283104674,12.0515742404489
2025-05-13 09:10:00,1,96.98512302796846,11.997120047526582
2025-05-13 09:20:00,1,97.18527454042906,11.997120047526582
2025-05-13 09:30:00,1,97.00604229539867,13.113155269455172
2025-05-13 09:40:00,1,97.21567298246696,12.784546658700387
2025-05-13 09:50:00,1,97.05684401984888,15.378313795000812
2025-05-13 10:00:00,1,97.2620211578468,12.784546658700387
2025-05-13 10:10:00,1,97.09873864615835,12.784546658700387
2025-05-13 10:20:00,1,97.30535550067569,15.378313795000812
2025-05-13 10:30:00,1,97.14207298898724,18.208905962868307
2025-05-13 10:40:00,1,97.33410921894152,15.961180043313783
2025-05-13 10:50:00,1,97.1852529496838,13.444741429743841
2025-05-13 11:00:00,1,97.37701504910723,13.444741429743841
2025-05-13 11:10:00,1,97.22815877984951,10.850974293443416
2025-05-13 11:20:00,1,97.41992087927294,13.444741429743841
2025-05-13 11:30:00,1,97.26989902402667,10.850974293443416
2025-05-13 11:40:00,1,97.46310083996951,10.386260181827076
2025-05-13 11:50:00,1,97.3158846658492,10.386260181827076
2025-05-13 12:00:00,1,97.50908648179204,10.850974293443416
2025-05-13 12:10:00,1,97.36690127951832,10.850974293443416
2025-05-13 12:20:00,1,97.56677416244514,10.850974293443416
2025-05-13 12:30:00,1,97.39017335786919,9.22243574942338
2025-05-13 12:40:00,1,97.60840083921572,9.22243574942338
2025-05-13 12:50:00,1,97.42671078892269,9.22243574942338
2025-05-13 13:00:00,1,97.64783926619704,9.22243574942338
2025-05-13 13:10:00,1,97.47120260009537,9.147861898618542
2025-05-13 13:20:00,1,97.68959459853417,9.147861898618542
2025-05-13 13:30:00,1,97.5129579324325,9.147861898618542
2025-05-13 13:40:00,1,97.75100151280996,16.055595780491384
2025-05-13 13:50:00,1,97.59693971569703,13.18508317158233
2025-05-13 14:00:00,1,97.82230740201878,9.612576010234882
2025-05-13 14:10:00,1,97.64461836836682,9.612576010234882
2025-05-13 14:20:00,1,97.87129663826866,13.18508317158233
2025-05-13 14:30:00,1,97.72656914845342,13.671470573028557
2025-05-13 14:40:00,1,98.26351915640407,13.178716911584278
2025-05-13 14:50:00,1,98.01603645835385,17.49907053239772
2025-05-13 15:00:00,1,98.25853328738917,16.04922952049333
2025-05-13 15:10:00,1,98.10523068754571,12.832336202676485
2025-05-13 15:20:00,1,98.36214890212179,13.178716911584278
2025-05-13 15:30:00,1,98.30137928968992,10.79548484778292
2025-05-13 15:40:00,1,98.7486762382256,6.774354767379867
2025-05-13 15:50:00,1,98.5649416033169,6.773537367170945
2025-05-13 16:00:00,1,98.98542345664546,6.4508248676134805
2025-05-13 16:10:00,1,98.83576134629811,6.4508248676134805
2025-05-13 16:20:00,1,99.11455882585764,6.4508248676134805
2025-05-13 16:30:00,1,98.91774150020127,6.830229291217826
2025-05-13 16:40:00,1,99.17751527880968,5.511796861468076
2025-05-13 16:50:00,1,99.0265637302785,5.403274475723277
2025-05-13 17:00:00,1,99.28075244085595,5.511796861468076
2025-05-13 17:10:00,1,99.089145251223,5.650464045046123
2025-05-13 17:20:00,1,99.34864939717255,5.511796861468076
2025-05-13 17:30:00,1,99.18930432992437,6.47306669733874
2025-05-13 17:40:00,1,99.46765964706334,9.120686088895141
2025-05-13 17:50:00,1,99.24706499937238,9.244888183221313
2025-05-13 18:00:00,1,99.51064291606494,12.965643823188172
2025-05-13 18:10:00,1,99.34081740074924,12.980108912440048
2025-05-13 18:20:00,1,99.58052706114897,13.10431100676622
2025-05-13 18:30:00,1,99.39385552856075,13.10431100676622
2025-05-13 18:40:00,1,99.61219648496775,9.15289672184226
2025-05-13 18:50:00,1,99.43635091898533,6.505277330285859
2025-05-13 19:00:00,1,99.67341316588875,5.55847258366707
2025-05-13 19:10:00,1,99.52696187007012,9.014229538264212
2025-05-13 19:20:00,1,99.79697675949004,12.495329207791565
2025-05-13 19:30:00,1,99.5569874195878,6.505277330285859
2025-05-13 19:40:00,1,99.84278740600635,9.028694627516089
2025-05-13 19:50:00,1,99.61523253460545,9.490074310651602
2025-05-13 20:00:00,1,99.85941422316802,8.130742551011702
2025-05-13 20:10:00,1,99.69540161099783,7.977610278181775
2025-05-13 20:20:00,1,99.93264173426623,8.116277461759825
2025-05-13 20:30:00,1,99.76384821964912,11.113855126683353
2025-05-13 20:40:00,1,100.00200532690629,11.980119415633162
2025-05-13 20:50:00,1,99.84545336134752,14.797759501536442
2025-05-13 21:00:00,1,100.07450306632505,15.664023790486258
2025-05-13 21:10:00,1,99.89936595109126,9.243236818811978
2025-05-13 21:20:00,1,100.12956867822925,8.296432072193184
2025-05-13 21:30:00,1,99.94975795713145,7.783324751047992
2025-05-13 21:40:00,1,100.17996068426945,7.783324751047992
2025-05-13 21:50:00,1,99.9997701848443,9.555289398607007
2025-05-13 22:00:00,1,100.23552551739601,9.555289398607007
2025-05-13 22:10:00,1,100.06724792192765,9.555289398607007
2025-05-13 22:20:00,1,100.30288381158435,9.555289398607007
2025-05-13 22:30:00,1,100.12037314051318,9.555289398607007
2025-05-13 22:40:00,1,100.34825569600515,9.555289398607007
2025-05-13 22:50:00,1,100.15115911836607,9.555289398607007
2025-05-13 23:00:00,1,100.37488702986903,9.555289398607007
2025-05-13 23:10:00,1,100.18051458806686,9.555289398607007
2025-05-13 23:20:00,1,100.40424249956982,9.555289398607007
2025-05-13 23:30:00,1,100.21757718450964,9.555289398607007
2025-05-13 23:40:00,1,100.46559825198325,9.555289398607007
2025-05-13 23:50:00,1,100.27950754367681,9.555289398607007
2025-05-14 00:00:00,1,100.53959683914051,9.416622215028958
2025-05-14 00:10:00,1,100.37224367365481,9.698810654387383
2025-05-14 00:20:00,1,100.61001715727974,9.837477837965432
2025-05-14 00:30:00,1,100.40949869931316,9.837477837965432
2025-05-14 00:40:00,1,100.65210935564069,9.837477837965432
2025-05-14 00:50:00,1,100.43895911975548,10.648503258374264
2025-05-14 01:00:00,1,100.67904855848256,14.080358065396586
2025-05-14 01:10:00,1,100.51979679158471,14.094091626378502
2025-05-14 01:20:00,1,100.75505290291406,14.094091626378502
2025-05-14 01:30:00,1,100.53907834463136,14.572197463235515
2025-05-14 01:40:00,1,100.75721152323388,11.325672940022843
2025-05-14 01:50:00,1,100.54725527698405,17.746459911697105
2025-05-14 02:00:00,1,100.78449540025244,11.325672940022843
2025-05-14 02:10:00,1,100.5735742261611,10.661056632762477
2025-05-14 02:20:00,1,100.81477950454486,11.325672940022843
2025-05-14 02:30:00,1,100.6201234571168,11.953253612187037
2025-05-14 02:40:00,1,100.85537956844615,11.288637304926672
2025-05-14 02:50:00,1,100.68506804049964,11.288637304926672
2025-05-14 03:00:00,1,100.94182320242899,11.288637304926672
2025-05-14 03:10:00,1,100.7175241433137,11.288637304926672
2025-05-14 03:20:00,1,100.93393212981346,11.288637304926672
2025-05-14 03:30:00,1,100.72154726637994,11.415731923586348
2025-05-14 03:40:00,1,100.92860984018115,12.080348230846713
2025-05-14 03:50:00,1,100.71090954137554,12.275070694409752
2025-05-14 04:00:00,1,100.9273175278753,12.275070694409752
2025-05-14 04:10:00,1,100.71094878119635,12.275070694409752
2025-05-14 04:20:00,1,100.91869927858667,12.275070694409752
2025-05-14 04:30:00,1,100.70088125263445,12.82921091559308
2025-05-14 04:40:00,1,100.91223585494285,13.151052946978737
2025-05-14 04:50:00,1,100.69985099150934,13.376715828545557
2025-05-14 05:00:00,1,100.9222081450635,13.376715828545557
2025-05-14 05:10:00,1,100.74281243604739,13.376715828545557
2025-05-14 05:20:00,1,100.95922042254715,14.041332135805922
2025-05-14 05:30:00,1,100.77832909554701,14.041332135805922
2025-05-14 05:40:00,1,100.99919063111713,13.376715828545557
2025-05-14 05:50:00,1,100.78642598935626,13.376715828545557
2025-05-14 06:00:00,1,101.00321375418338,13.869469489989836
2025-05-14 06:10:00,1,100.79313576832736,13.869469489989836
2025-05-14 06:20:00,1,101.01249269460767,17.780610320462866
2025-05-14 06:30:00,1,100.80010783117416,21.572595262274994
2025-05-14 06:40:00,1,101.03671169503221,30.46602209096227
2025-05-14 06:50:00,1,100.83325240883191,26.970592532691025
2025-05-14 07:00:00,1,101.05411394440203,21.572595262274994
2025-05-14 07:10:00,1,100.85788498745835,26.970592532691025
2025-05-14 07:20:00,1,101.07912630135583,21.86556800244354
2025-05-14 07:30:00,1,100.87676437571973,21.86556800244354
2025-05-14 07:40:00,1,101.09317236221949,21.86556800244354
2025-05-14 07:50:00,1,100.90782748614897,21.86556800244354
2025-05-14 08:00:00,1,101.11956186678474,18.20892958871027
2025-05-14 08:10:00,1,100.89984961864603,21.86556800244354
2025-05-14 08:20:00,1,101.11625760514579,18.20892958871027
2025-05-14 08:30:00,1,100.89772583418004,21.01567769080612
2025-05-14 08:40:00,1,101.1200829877342,14.52381942660915
2025-05-14 08:50:00,1,100.90769812430068,14.52381942660915
2025-05-14 09:00:00,1,101.12724418277165,14.52381942660915
2025-05-14 09:10:00,1,100.89735660828394,13.859203119348784
2025-05-14 09:20:00,1,101.12416731090848,17.770343949821815
2025-05-14 09:30:00,1,100.90736898849836,14.52381942660915
2025-05-14 09:40:00,1,101.11443156229957,14.52381942660915
2025-05-14 09:50:00,1,100.89661353634735,14.52381942660915
2025-05-14 10:00:00,1,101.10796813865575,14.52381942660915
2025-05-14 10:10:00,1,100.90062197380676,17.770343949821815
2025-05-14 10:20:00,1,101.11059782951115,14.52381942660915
2025-05-14 10:30:00,1,100.89783318775028,13.859203119348784
2025-05-14 10:40:00,1,101.11353272350141,13.859203119348784
2025-05-14 10:50:00,1,100.8836451490137,13.859203119348784
2025-05-14 11:00:00,1,101.1027397914183,13.859203119348784
2025-05-14 11:10:00,1,100.89592431671183,13.789856601431511
2025-05-14 11:20:00,1,101.11271208153894,13.859203119348784
2025-05-14 11:30:00,1,100.89501178273333,13.859203119348784
2025-05-14 11:40:00,1,101.1114197692331,13.238337394102443
2025-05-14 11:50:00,1,100.89865512747222,12.504374568924804
2025-05-14 12:00:00,1,101.11544289229934,12.504374568924804
2025-05-14 12:10:00,1,100.90267825053847,12.504374568924804
2025-05-14 12:20:00,1,101.11946601536559,12.504374568924804
2025-05-14 12:30:00,1,100.90577968206682,9.10187900141593
2025-05-14 12:40:00,1,101.11583281450997,9.245805536505769
2025-05-14 12:50:00,1,100.90771586993824,9.245805536505769
2025-05-14 13:00:00,1,101.12877155362715,9.657152051340992
2025-05-14 13:10:00,1,100.94250498601873,9.657152051340992
2025-05-14 13:20:00,1,101.1579912809806,9.657152051340992
2025-05-14 13:30:00,1,100.97172471337218,9.657152051340992
2025-05-14 13:40:00,1,101.18721100833405,10.278017776587333
2025-05-14 13:50:00,1,101.00094444072563,10.278017776587333
2025-05-14 14:00:00,1,101.22200012441454,11.011980601764972
2025-05-14 14:10:00,1,101.03535377847876,11.011980601764972
2025-05-14 14:20:00,1,101.24552463806853,11.011980601764972
2025-05-14 14:30:00,1,101.03183830476976,11.011980601764972
2025-05-14 14:40:00,1,101.23487527286879,11.011980601764972
2025-05-14 14:50:00,1,101.02118893957002,11.011980601764972
2025-05-14 15:00:00,1,101.23629545620453,11.676596909025337
2025-05-14 15:10:00,1,101.01862523966032,11.676596909025337
2025-05-14 15:20:00,1,101.22166220775935,11.011980601764972
2025-05-14 15:30:00,1,101.00254271194187,15.716283875017293
2025-05-14 15:40:00,1,101.20564823800717,15.716283875017293
2025-05-14 15:50:00,1,100.99254705422256,14.038879234576525
2025-05-14 16:00:00,1,101.21360273791146,13.418013509330184
2025-05-14 16:10:00,1,101.00551607643665,15.11024021243628
2025-05-14 16:20:00,1,101.20855304453568,12.464021275537936
2025-05-14 16:30:00,1,100.99894048197991,9.382679945796356
2025-05-14 16:40:00,1,101.2243172820165,12.944113217612282
2025-05-14 16:50:00,1,101.0311053648293,12.944113217612282
2025-05-14 17:00:00,1,101.2664077588221,17.15480903257955
2025-05-14 17:10:00,1,101.09563136811236,26.471595070987206
2025-05-14 17:20:00,1,101.32958905593628,27.11682538987418
2025-05-14 17:30:00,1,101.15224806556108,27.11682538987418
2025-05-14 17:40:00,1,101.37694539020298,27.166068196973875
2025-05-14 17:50:00,1,101.30252300839639,27.811991029681423
2025-05-14 18:00:00,1,102.14940061751656,26.61401493284905
2025-05-14 18:10:00,1,102.05772796891424,21.472403669932298
2025-05-14 18:20:00,1,102.4699832518061,21.452111749937764
2025-05-14 18:30:00,1,102.27111329558419,19.715675066118738
2025-05-14 18:40:00,1,102.61933183532808,13.286695072949295
2025-05-14 18:50:00,1,102.37144518635124,14.201144138023333
2025-05-14 19:00:00,1,102.56282750744731,13.962629357955873
2025-05-14 19:10:00,1,102.4140070997153,13.962629357955873
2025-05-14 19:20:00,1,102.60538942081138,14.322208119268744
2025-05-14 19:30:00,1,102.45618923475202,14.322208119268744
2025-05-14 19:40:00,1,102.64955556778712,14.322208119268744
2025-05-14 19:50:00,1,102.50035538172776,14.322208119268744
2025-05-14 20:00:00,1,102.69173770282383,14.322208119268744
2025-05-14 20:10:00,1,102.54253751676447,14.322208119268744
2025-05-14 20:20:00,1,102.7342996161879,14.322208119268744
2025-05-14 20:30:00,1,102.58509943012854,14.322208119268744
2025-05-14 20:40:00,1,102.76065397237811,14.322208119268744
2025-05-14 20:50:00,1,102.61145378631875,14.322208119268744
2025-05-14 21:00:00,1,102.80283610741482,14.322208119268744
2025-05-14 21:10:00,1,102.65401569968282,14.322208119268744
2025-05-14 21:20:00,1,102.83804171993455,14.322208119268744
2025-05-14 21:30:00,1,102.70890499872122,14.322208119268744
2025-05-14 21:40:00,1,102.8925512406456,14.322208119268744
2025-05-14 21:50:00,1,102.7607145694589,14.322208119268744
2025-05-14 22:00:00,1,102.95247666888233,14.322208119268744
2025-05-14 22:10:00,1,102.79680166718794,14.414496994515291
2025-05-14 22:20:00,1,102.988183988284,14.414496994515291
2025-05-14 22:30:00,1,102.83994873006617,14.414496994515291
2025-05-14 22:40:00,1,103.09751912322632,14.414496994515291
2025-05-14 22:50:00,1,102.93085995907352,13.750190809665286
2025-05-14 23:00:00,1,103.1270756075673,14.414496994515291
2025-05-14 23:10:00,1,103.0080901388798,14.414807116925653
2025-05-14 23:20:00,1,103.20839803720908,17.66133164013833
2025-05-14 23:30:00,1,103.05957762947708,18.325637824988334
2025-05-14 23:40:00,1,103.25095995057315,18.325637824988334
2025-05-14 23:50:00,1,103.09440346366947,18.464725614931442
2025-05-15 00:00:00,1,103.28578578476554,18.464725614931442
2025-05-15 00:10:00,1,103.12849389903137,18.464725614931442
2025-05-15 00:20:00,1,103.31987622012744,18.464725614931442
2025-05-15 00:30:00,1,103.18263756128684,15.218201091718777
2025-05-15 00:40:00,1,103.37401988238291,14.55358478445841
2025-05-15 00:50:00,1,103.2251994746509,14.754566063247903
2025-05-15 01:00:00,1,103.42253096280137,14.55358478445841
2025-05-15 01:10:00,1,103.27371055506937,13.926469192036963
2025-05-15 01:20:00,1,103.46509287616544,13.926469192036963
2025-05-15 01:30:00,1,103.34369223412381,13.926469192036963
2025-05-15 01:40:00,1,103.53507455521988,13.926469192036963
2025-05-15 01:50:00,1,103.37778266948571,13.926469192036963
2025-05-15 02:00:00,1,103.56107329090698,14.127450470826457
2025-05-15 02:10:00,1,103.41225288317497,14.127450470826457
2025-05-15 02:20:00,1,103.61030627125503,14.127450470826457
2025-05-15 02:30:00,1,103.46245079136455,14.127450470826457
2025-05-15 02:40:00,1,103.71024949410797,14.127450470826457
2025-05-15 02:50:00,1,103.52267554439162,14.450162970383921
2025-05-15 03:00:00,1,103.71405786548769,14.450162970383921
2025-05-15 03:10:00,1,103.56523745775569,15.738450602300421
2025-05-15 03:20:00,1,103.76702249497652,16.403066909560792
2025-05-15 03:30:00,1,103.67819721440213,15.738450602300421
2025-05-15 03:40:00,1,103.86640200017655,16.403066909560792
2025-05-15 03:50:00,1,103.72165536318757,19.64959143277346
2025-05-15 04:00:00,1,103.91303768428364,16.403066909560792
2025-05-15 04:10:00,1,103.76383749822428,16.403066909560792
2025-05-15 04:20:00,1,103.95767438327704,16.403066909560792
2025-05-15 04:30:00,1,103.80038249754287,15.738450602300421
2025-05-15 04:40:00,1,103.99059923265038,15.94125530762616
2025-05-15 04:50:00,1,103.84807011357502,15.94125530762616
2025-05-15 05:00:00,1,104.04540160172549,15.94125530762616
2025-05-15 05:10:00,1,103.89620141566613,15.94125530762616
2025-05-15 05:20:00,1,104.0982133275838,16.333957954703493
2025-05-15 05:30:00,1,103.9478475555359,16.333957954703493
2025-05-15 05:40:00,1,104.14985946745358,16.333957954703493
2025-05-15 05:50:00,1,104.00065928139422,16.609714718704954
2025-05-15 06:00:00,1,104.19242138081765,16.609714718704954
2025-05-15 06:10:00,1,104.04338716089639,16.609714718704954
2025-05-15 06:20:00,1,104.2237121086828,20.52085554917799
2025-05-15 06:30:00,1,104.13110007453999,17.54281166162343
2025-05-15 06:40:00,1,104.32337606583482,17.54281166162343
2025-05-15 06:50:00,1,104.20888266413282,22.579104779422284
2025-05-15 07:00:00,1,104.48303522667955,18.807173455145655
2025-05-15 07:10:00,1,104.33069362452778,18.807173455145655
2025-05-15 07:20:00,1,104.5188984103022,18.807173455145655
2025-05-15 07:30:00,1,104.39309168239114,18.807173455145655
2025-05-15 07:40:00,1,104.59180523469539,18.807173455145655
2025-05-15 07:50:00,1,104.47686765157955,22.470582393677486
2025-05-15 08:00:00,1,104.68895974190532,29.400630006696368
2025-05-15 08:10:00,1,104.63230694039393,27.67055319010417
2025-05-15 08:20:00,1,104.83855806135901,18.807173455145655
2025-05-15 08:30:00,1,104.69470509456879,22.579104779422284
2025-05-15 08:40:00,1,104.90010241071529,29.400630006696368
2025-05-15 08:50:00,1,104.81682601522996,27.87335789542991
2025-05-15 09:00:00,1,105.00948178485216,27.830692936689854
2025-05-15 09:10:00,1,104.86117526899157,27.830692936689854
2025-05-15 09:20:00,1,105.04571518111473,22.579104779422284
2025-05-15 09:30:00,1,104.89005236440983,18.807173455145655
2025-05-15 09:40:00,1,105.08440314133401,15.560648931932976
2025-05-15 09:50:00,1,104.9287403246291,14.89603262467261
2025-05-15 10:00:00,1,105.11366001507962,14.89603262467261
2025-05-15 10:10:00,1,104.98541696406507,14.89603262467261
2025-05-15 10:20:00,1,105.16097150631464,14.89603262467261
2025-05-15 10:30:00,1,105.03669361041545,14.89603262467261
2025-05-15 10:40:00,1,105.22993452955181,14.89603262467261
2025-05-15 10:50:00,1,105.14245827241274,14.89603262467261
2025-05-15 11:00:00,1,105.33511404203493,14.89603262467261
2025-05-15 11:10:00,1,105.19260578141358,14.89603262467261
2025-05-15 11:20:00,1,105.44350038227275,14.89603262467261
2025-05-15 11:30:00,1,105.28422447533562,15.60331389067304
2025-05-15 11:40:00,1,105.54410444606837,15.560648931932976
2025-05-15 11:50:00,1,105.37329412177682,22.62176973816234
2025-05-15 12:00:00,1,105.63764612067241,27.87335789542991
2025-05-15 12:10:00,1,105.4554193902252,27.830692936689854
2025-05-15 12:20:00,1,105.65809809764481,27.830692936689854
2025-05-15 12:30:00,1,105.51224614574093,27.657936276583225
2025-05-15 12:40:00,1,105.69678605786409,19.32324749050546
2025-05-15 12:50:00,1,105.57627908602122,24.263013195329886
2025-05-15 13:00:00,1,105.76855507731605,24.263013195329886
2025-05-15 13:10:00,1,105.62024856145547,17.541850393786028
2025-05-15 13:20:00,1,105.81290433107766,17.541850393786028
2025-05-15 13:30:00,1,105.66497759354444,16.877234086525664
2025-05-15 13:40:00,1,105.85725358483927,17.541850393786028
2025-05-15 13:50:00,1,105.71451012574094,16.877234086525664
2025-05-15 14:00:00,1,105.9077510448773,16.877234086525664
2025-05-15 14:10:00,1,105.82259495938426,16.877234086525664
2025-05-15 14:20:00,1,106.01525072900645,16.877234086525664
2025-05-15 14:30:00,1,105.86694421314587,17.541850393786028
2025-05-15 14:40:00,1,106.0592202044407,17.541850393786028
2025-05-15 14:50:00,1,105.91091368858012,16.877234086525664
2025-05-15 15:00:00,1,106.10356945820232,16.877234086525664
2025-05-15 15:10:00,1,105.95526294234173,16.877234086525664
2025-05-15 15:20:00,1,106.14753893363657,17.541850393786028
2025-05-15 15:30:00,1,105.9985047137153,18.927019239347064
2025-05-15 15:40:00,1,106.18872144882282,18.927019239347064
2025-05-15 15:50:00,1,106.04041493296224,17.872300895458626
2025-05-15 16:00:00,1,106.23269092425707,17.20768458819826
2025-05-15 16:10:00,1,106.07458907303747,17.20768458819826
2025-05-15 16:20:00,1,106.2570697289733,17.20768458819826
2025-05-15 16:30:00,1,106.1014069122684,17.20768458819826
2025-05-15 16:40:00,1,106.28594682439156,17.20768458819826
2025-05-15 16:50:00,1,106.134249162802,17.20768458819826
2025-05-15 17:00:00,1,106.31916885325252,17.20768458819826
2025-05-15 17:10:00,1,106.19054602391061,17.20768458819826
2025-05-15 17:20:00,1,106.39234359580533,17.20768458819826
2025-05-15 17:30:00,1,106.2669216664053,21.28499578505006
2025-05-15 17:40:00,1,106.49711329171694,21.28499578505006
2025-05-15 17:50:00,1,106.3252211861108,18.07239841056973
2025-05-15 18:00:00,1,106.53856779291002,18.07239841056973
2025-05-15 18:10:00,1,106.43742853467187,18.07239841056973
2025-05-15 18:20:00,1,106.64981021362958,18.07239841056973
2025-05-15 18:30:00,1,106.5011430666154,17.96387602482493
2025-05-15 18:40:00,1,106.72386320022581,18.73701471783009
2025-05-15 18:50:00,1,106.55798134613532,18.813710157038628
2025-05-15 19:00:00,1,106.77528300283386,22.060234680251313
2025-05-15 19:10:00,1,106.59469831501247,22.060234680251313
2025-05-15 19:20:00,1,106.8179491387654,18.813710157038628
2025-05-15 19:30:00,1,106.64728070297274,25.347849079218385
2025-05-15 19:40:00,1,106.86458235967127,25.347849079218385
2025-05-15 19:50:00,1,106.7046799557321,30.20789958696497
2025-05-15 20:00:00,1,106.922361390758,22.060234680251313
2025-05-15 20:10:00,1,106.7104904191959,22.060234680251313
2025-05-15 20:20:00,1,106.92219944042384,18.813710157038628
2025-05-15 20:30:00,1,106.71546572779877,18.813710157038628
2025-05-15 20:40:00,1,106.92826960938045,18.149093849778268
2025-05-15 20:50:00,1,106.71310393291385,25.347849079218385
2025-05-15 21:00:00,1,106.96433290839924,25.347849079218385
2025-05-15 21:10:00,1,106.76736696422168,30.15865677986528
2025-05-15 21:20:00,1,106.98909642303657,30.15865677986528
2025-05-15 21:30:00,1,106.78813504064672,22.01099187315162
2025-05-15 21:40:00,1,107.01436227457846,22.01099187315162
2025-05-15 21:50:00,1,106.80249130301637,18.813710157038628
2025-05-15 22:00:00,1,107.0257421267693,22.060234680251313
2025-05-15 22:10:00,1,106.80090793647295,22.060234680251313
2025-05-15 22:20:00,1,107.01820959317149,22.060234680251313
2025-05-15 22:30:00,1,106.80128523741804,22.060234680251313
2025-05-15 22:40:00,1,107.01353350992522,18.813710157038628
2025-05-15 22:50:00,1,106.79698893249913,18.149093849778268
2025-05-15 23:00:00,1,107.01467036752503,18.149093849778268
2025-05-15 23:10:00,1,106.83616832870769,18.149093849778268
2025-05-15 23:20:00,1,107.0432309025089,18.149093849778268
2025-05-15 23:30:00,1,106.8607637085762,19.311638756421374
2025-05-15 23:40:00,1,107.07480496678944,19.311638756421374
2025-05-15 23:50:00,1,106.857880611036,19.311638756421374
2025-05-16 00:00:00,1,107.08113143478893,19.311638756421374
2025-05-16 00:10:00,1,106.89668022891719,19.311638756421374
2025-05-16 00:20:00,1,107.11494681345724,19.311638756421374
2025-05-16 00:30:00,1,106.93087538591286,19.311638756421374
2025-05-16 00:40:00,1,107.15412620966579,19.311638756421374
2025-05-16 00:50:00,1,106.98592473734745,26.4611511787618
2025-05-16 01:00:00,1,107.25758000921331,33.04928518392037
2025-05-16 01:10:00,1,107.11763126485953,33.05129168121013
2025-05-16 01:20:00,1,107.34423827711862,33.05129168121013
2025-05-16 01:30:00,1,107.16288332123658,34.03845046534948
2025-05-16 01:40:00,1,107.38949033349567,34.03845046534948
2025-05-16 01:50:00,1,107.1704474723983,34.08769327244916
2025-05-16 02:00:00,1,107.3884354004148,33.10053448830981
2025-05-16 02:10:00,1,107.23505043499543,24.7999561833847
2025-05-16 02:20:00,1,107.6123715598727,16.616536687320316
2025-05-16 02:30:00,1,107.4499689228699,16.616536687320316
2025-05-16 02:40:00,1,107.71702616191195,16.616536687320316
2025-05-16 02:50:00,1,107.54991783766106,12.705395856847268
2025-05-16 03:00:00,1,107.8065013935948,12.705395856847268
2025-05-16 03:10:00,1,107.6323984928293,12.596873471102471
2025-05-16 03:20:00,1,107.85007992785519,12.705395856847268
2025-05-16 03:30:00,1,107.65619326673793,12.705395856847268
2025-05-16 03:40:00,1,107.87349492343647,12.705395856847268
2025-05-16 03:50:00,1,108.12858754928918,12.212642195402989
2025-05-16 04:00:00,1,107.93373344590546,11.569684245139905
2025-05-16 04:10:00,1,108.15432126220054,11.569684245139905
2025-05-16 04:20:00,1,108.02480928400477,11.431017061561857
2025-05-16 04:30:00,1,108.28393365162697,11.431017061561857
2025-05-16 04:40:00,1,108.09726211903875,11.569684245139905
2025-05-16 04:50:00,1,108.34958737009742,8.058321999686662
2025-05-16 05:00:00,1,108.19303540453866,7.9196548161086175
2025-05-16 05:10:00,1,108.45253955048821,7.9196548161086175
2025-05-16 05:20:00,1,108.31149315493802,7.9196548161086175
2025-05-16 05:30:00,1,108.53488749553638,8.058321999686662
2025-05-16 05:40:00,1,108.35975038030259,8.058321999686662
2025-05-16 05:50:00,1,108.63380874506265,8.866459562727409
2025-05-16 06:00:00,1,108.43255130590651,9.005126746305457
2025-05-16 06:10:00,1,108.66780741723586,9.005126746305457
2025-05-16 06:20:00,1,108.46566937164708,8.866459562727409
2025-05-16 06:30:00,1,108.70130526130379,8.058321999686662
2025-05-16 06:40:00,1,108.499167215715,8.866459562727409
2025-05-16 06:50:00,1,108.75867136166455,12.069348404497514
2025-05-16 07:00:00,1,108.55639682578453,15.517632481532178
2025-05-16 07:10:00,1,108.79610648618426,12.208015588075563
2025-05-16 07:20:00,1,108.60040600160488,12.069348404497514
2025-05-16 07:30:00,1,108.8723218702296,20.300240312690885
2025-05-16 07:40:00,1,108.69610303824,28.67752391505314
2025-05-16 07:50:00,1,109.03115454643036,28.67752391505314
2025-05-16 08:00:00,1,108.78655785359555,30.63198210132043
2025-05-16 08:10:00,1,109.07197719824242,31.66540535277433
2025-05-16 08:20:00,1,108.85505159864623,31.66540535277433
2025-05-16 08:30:00,1,109.1375699473653,32.83957278164788
2025-05-16 08:40:00,1,108.9206145216098,32.611433877385416
2025-05-16 08:50:00,1,109.18904424479257,32.472766693807365
2025-05-16 09:00:00,1,108.98429735908256,32.472766693807365
2025-05-16 09:10:00,1,109.24554818737444,32.472766693807365
2025-05-16 09:20:00,1,109.02309259592867,32.950581026749994
2025-05-16 09:30:00,1,109.24900329455947,30.205012932340363
2025-05-16 09:40:00,1,109.03302873627678,24.730916094374223
2025-05-16 09:50:00,1,109.28374975372377,19.870865586627637
2025-05-16 10:00:00,1,109.07282857963243,19.870865586627637
2025-05-16 10:10:00,1,109.29873927826323,16.422581509592977
2025-05-16 10:20:00,1,109.08819788249924,12.229252239761513
2025-05-16 10:30:00,1,109.31840060963724,12.229252239761513
2025-05-16 10:40:00,1,109.1074794355459,12.229252239761513
2025-05-16 10:50:00,1,109.34868471392966,12.229252239761513
2025-05-16 11:00:00,1,109.16518330552867,12.229252239761513
2025-05-16 11:10:00,1,109.41590432297566,12.229252239761513
2025-05-16 11:20:00,1,109.23240291457468,12.229252239761513
2025-05-16 11:30:00,1,109.47451854566945,12.229252239761513
2025-05-16 11:40:00,1,109.26359737157811,12.229252239761513
2025-05-16 11:50:00,1,109.5143183890251,12.229252239761513
2025-05-16 12:00:00,1,109.30934638198816,12.229252239761513
2025-05-16 12:10:00,1,109.54498227164487,12.229252239761513
2025-05-16 12:20:00,1,109.36077241249524,12.511440679119938
2025-05-16 12:30:00,1,109.58395897528911,12.511440679119938
2025-05-16 12:40:00,1,109.37303780119777,12.511440679119938
2025-05-16 12:50:00,1,109.60867369085447,12.511440679119938
2025-05-16 13:00:00,1,109.38840710406457,12.843180076078053
2025-05-16 13:10:00,1,109.62961238244833,12.843180076078053
2025-05-16 13:20:00,1,109.41401760249299,12.843180076078053
2025-05-16 13:30:00,1,109.65107984939641,13.321285912935068
2025-05-16 13:40:00,1,109.43548506944107,13.321285912935068
2025-05-16 13:50:00,1,109.66626862086085,13.321285912935068
2025-05-16 14:00:00,1,109.45616534709468,13.321285912935068
2025-05-16 14:10:00,1,109.68404790258666,14.307719302418148
2025-05-16 14:20:00,1,109.46952262357723,14.307719302418148
2025-05-16 14:30:00,1,109.69830391927155,14.935299974582342
2025-05-16 14:40:00,1,109.48872745134908,14.935299974582342
2025-05-16 14:50:00,1,109.74548261327843,14.935299974582342
2025-05-16 15:00:00,1,109.54337361735925,14.574304860807064
2025-05-16 15:10:00,1,109.75978160385901,13.710097855631775
2025-05-16 15:20:00,1,109.55015503406935,13.710097855631775
2025-05-16 15:30:00,1,109.76585456982048,15.692047054259124
2025-05-16 15:40:00,1,109.55784740866928,16.128946329517508
2025-05-16 15:50:00,1,109.77425539516904,17.418523643742407
2025-05-16 16:00:00,1,109.59485968615293,17.418523643742407
2025-05-16 16:10:00,1,109.81126767265269,17.418523643742407
2025-05-16 16:20:00,1,109.63187196363658,17.418523643742407
2025-05-16 16:30:00,1,109.84360634427235,17.997070047578852
2025-05-16 16:40:00,1,109.641138535475,18.318912078964512
2025-05-16 16:50:00,1,109.84375221976258,18.54457496053133
2025-05-16 17:00:00,1,109.62361402216432,18.520168777878215
2025-05-16 17:10:00,1,109.82849380883769,18.520168777878215
2025-05-16 17:20:00,1,109.61212506215874,18.394965833230742
2025-05-16 17:30:00,1,109.83148198843905,19.1940209555134
2025-05-16 17:40:00,1,109.6246967968295,19.31922390016087
2025-05-16 17:50:00,1,109.84780359802882,20.682338817888386
2025-05-16 18:00:00,1,109.63682669932112,20.82996777459143
2025-05-16 18:10:00,1,109.85461236744977,20.82996777459143
2025-05-16 18:20:00,1,109.66604071212262,26.10095696162427
2025-05-16 18:30:00,1,109.87438773119727,26.577367079930614
2025-05-16 18:40:00,1,109.67506368449368,26.626609887030305
2025-05-16 18:50:00,1,109.87763837333311,26.626609887030305
2025-05-16 19:00:00,1,109.64900994062701,26.626609887030305
2025-05-16 19:10:00,1,109.8555724482144,32.389486787125584
2025-05-16 19:20:00,1,109.62681647273365,35.09614617642168
2025-05-16 19:30:00,1,109.84410653960127,32.788937645582145
2025-05-16 19:40:00,1,109.62824755130644,29.408742093754576
2025-05-16 19:50:00,1,109.82837515123781,25.161407651127096
2025-05-16 20:00:00,1,109.6070682948482,26.976817938387168
2025-05-16 20:10:00,1,109.79775724572556,26.91958262719885
2025-05-16 20:20:00,1,109.56205689225197,21.52804973841756
2025-05-16 20:30:00,1,109.76534759442038,24.77457426163024
2025-05-16 20:40:00,1,109.53184901702075,24.704960105563465
2025-05-16 20:50:00,1,109.73513971918915,24.457195338808578
2025-05-16 21:00:00,1,109.50040429355708,28.984885052644906
2025-05-16 21:10:00,1,109.69607834441807,24.457195338808578
2025-05-16 21:20:00,1,109.46981663999848,19.674748899101996
2025-05-16 21:30:00,1,109.66549069085947,20.319979217988973
2025-05-16 21:40:00,1,109.53289062815581,8.809742255038568
2025-05-16 21:50:00,1,109.9881853375129,9.467737593991135
2025-05-16 22:00:00,1,109.8259794343092,8.803121286730772
2025-05-16 22:10:00,1,110.07867034363592,9.023150695345379
2025-05-16 22:20:00,1,110.07532498627644,10.308632727852086
2025-05-16 22:30:00,1,110.26928647632748,9.64401642059172
2025-05-16 22:40:00,1,110.09825506047856,10.934073167284927
2025-05-16 22:50:00,1,110.70443603442232,11.886827581893124
2025-05-16 23:00:00,1,110.39556817742019,9.471756703017846
2025-05-16 23:10:00,1,110.66140235376858,10.279894266058585
2025-05-16 23:20:00,1,110.50245171275402,13.52641878927126
2025-05-16 23:30:00,1,110.77747181026768,13.52641878927126
2025-05-16 23:40:00,1,110.59080027767946,13.665085972849308
2025-05-16 23:50:00,1,110.8440425127269,7.2999018512607226
2025-05-17 00:00:00,1,110.6642317916291,7.2999018512607226
2025-05-17 00:10:00,1,110.91933051135841,7.2999018512607226
2025-05-17 00:20:00,1,110.73951979026062,6.353097104641933
2025-05-17 00:30:00,1,111.28456173486622,6.353097104641933
2025-05-17 00:40:00,1,110.99978164944464,6.353097104641933
2025-05-17 00:50:00,1,111.26880131562018,6.214429921063886
2025-05-17 01:00:00,1,111.10985067460562,6.214429921063886
2025-05-17 01:10:00,1,111.362768635876,6.214429921063886
2025-05-17 01:20:00,1,111.18801129896956,6.353097104641933
2025-05-17 01:30:00,1,111.43835253808919,6.353097104641933
2025-05-17 01:40:00,1,111.27648513715833,6.214429921063886
2025-05-17 01:50:00,1,111.53277554333236,6.353097104641933
2025-05-17 02:00:00,1,111.34111794581108,6.214429921063886
2025-05-17 02:10:00,1,111.60024231343327,7.161234667682675
2025-05-17 02:20:00,1,111.38932113934193,7.2999018512607226
2025-05-17 02:30:00,1,111.63966237846157,7.2999018512607226
2025-05-17 02:40:00,1,111.44042532880059,10.407759190895352
2025-05-17 02:50:00,1,111.68142115522167,7.2999018512607226
2025-05-17 03:00:00,1,111.47644914818473,6.353097104641933
2025-05-17 03:10:00,1,111.721737003113,6.353097104641933
2025-05-17 03:20:00,1,111.50614222315767,6.353097104641933
2025-05-17 03:30:00,1,111.74068988373838,6.353097104641933
2025-05-17 03:40:00,1,111.55648002458875,6.3099941682873855
2025-05-17 03:50:00,1,111.7870625300541,6.3099941682873855
2025-05-17 04:00:00,1,111.58411801728025,6.3099941682873855
2025-05-17 04:10:00,1,111.81200057277222,6.3099941682873855
2025-05-17 04:20:00,1,111.59351635396985,6.3099941682873855
2025-05-17 04:30:00,1,111.83825100141053,6.171326984709338
2025-05-17 04:40:00,1,111.63520752891375,6.171326984709338
2025-05-17 04:50:00,1,111.86814346859708,6.3099941682873855
2025-05-17 05:00:00,1,111.66176164262514,6.3099941682873855
2025-05-17 05:10:00,1,111.88964419811711,6.3099941682873855
2025-05-17 05:20:00,1,111.68750615252833,6.171326984709338
2025-05-17 05:30:00,1,111.92314204218503,6.3099941682873855
2025-05-17 05:40:00,1,111.7122208680937,6.3099941682873855
2025-05-17 05:50:00,1,111.94280337355904,6.3099941682873855
2025-05-17 06:00:00,1,111.72189315823161,6.3099941682873855
2025-05-17 06:10:00,1,111.95644081881233,6.3099941682873855
2025-05-17 06:20:00,1,111.72839671199415,6.3099941682873855
2025-05-17 06:30:00,1,111.98752107961634,6.171326984709338
2025-05-17 06:40:00,1,111.79886500960922,6.3099941682873855
2025-05-17 06:50:00,1,112.02764630530353,6.3099941682873855
2025-05-17 07:00:00,1,111.8051969313858,6.3099941682873855
2025-05-17 07:10:00,1,112.06415486451168,6.171326984709338
2025-05-17 07:20:00,1,111.90958895737784,6.3099941682873855
2025-05-17 07:30:00,1,112.14580761614637,6.3099941682873855
2025-05-17 07:40:00,1,111.94398768831454,6.3099941682873855
2025-05-17 07:50:00,1,112.182395878849,6.3099941682873855
2025-05-17 08:00:00,1,111.97947859045296,6.848221651928712
2025-05-17 08:10:00,1,112.22300321290074,10.503323438118851
2025-05-17 08:20:00,1,112.01368156487194,10.503323438118851
2025-05-17 08:30:00,1,112.27730271786811,12.108632929875299
2025-05-17 08:40:00,1,112.05573466121295,12.981262938630985
2025-05-17 08:50:00,1,112.3092279795377,17.53396379453706
2025-05-17 09:00:00,1,112.10435988057927,18.11520219243758
2025-05-17 09:10:00,1,112.33831452204336,9.88245771287251
2025-05-17 09:20:00,1,112.13204104514116,5.901970364482199
2025-05-17 09:30:00,1,112.37113294554229,5.901970364482199
2025-05-17 09:40:00,1,112.15385691739432,5.674171712963011
2025-05-17 09:50:00,1,112.40327646497606,6.620976459581803
2025-05-17 10:00:00,1,112.19105382101947,6.620976459581803
2025-05-17 10:10:00,1,112.46649713106608,11.808675739623562
2025-05-17 10:20:00,1,112.47034387779603,11.94734292320161
2025-05-17 10:30:00,1,112.64852727219657,6.222878899476802
2025-05-17 10:40:00,1,112.45949037162985,6.222878899476802
2025-05-17 10:50:00,1,112.67232379416419,5.890001989174552
2025-05-17 11:00:00,1,112.46473494308789,6.253957932878998
2025-05-17 11:10:00,1,112.70762496731463,11.60149985411919
2025-05-17 11:20:00,1,112.49960478915109,11.88966426379947
2025-05-17 11:30:00,1,112.73486090048044,11.88966426379947
2025-05-17 11:40:00,1,112.5192661205251,11.88966426379947
2025-05-17 11:50:00,1,112.75490201018181,11.155701438621831
2025-05-17 12:00:00,1,112.54398083609047,7.909176915409158
2025-05-17 12:10:00,1,112.78518611447423,6.880604664444347
2025-05-17 12:20:00,1,112.59178400946533,7.508185336608541
2025-05-17 12:30:00,1,112.82704012079468,7.508185336608541
2025-05-17 12:40:00,1,112.62653535848717,7.508185336608541
2025-05-17 12:50:00,1,112.88885990914356,7.508185336608541
2025-05-17 13:00:00,1,112.7038948114004,7.508185336608541
2025-05-17 13:10:00,1,112.92030279790016,7.508185336608541
2025-05-17 13:20:00,1,112.735337700157,7.508185336608541
2025-05-17 13:30:00,1,112.94240027395821,7.508185336608541
2025-05-17 13:40:00,1,112.7246999751526,7.508185336608541
2025-05-17 13:50:00,1,112.94148773997972,7.508185336608541
2025-05-17 14:00:00,1,112.72872309821885,8.24214816178618
2025-05-17 14:10:00,1,112.9564441535544,8.172801643868905
2025-05-17 14:20:00,1,112.75103405679171,8.726941865052233
2025-05-17 14:30:00,1,112.97674739885204,12.246065612550876
2025-05-17 14:40:00,1,112.77885750137878,14.949667994629834
2025-05-17 14:50:00,1,113.03016671469976,23.56946683294861
2025-05-17 15:00:00,1,112.87927504177406,23.56946683294861
2025-05-17 15:10:00,1,113.1049883838344,23.56946683294861
2025-05-17 15:20:00,1,112.9190436726429,19.5516116576356
2025-05-17 15:30:00,1,113.1303982749513,19.5516116576356
2025-05-17 15:40:00,1,112.90828822049188,19.5516116576356
2025-05-17 15:50:00,1,113.11628006425724,15.110448066709834
2025-05-17 16:00:00,1,112.9103749422618,12.632508566197695
2025-05-17 16:10:00,1,113.12716270708891,13.621881784971821
2025-05-17 16:20:00,1,112.92125758509347,10.706817495663929
2025-05-17 16:30:00,1,113.12656095089926,14.598572337763573
2025-05-17 16:40:00,1,112.90886065209365,14.598572337763573
2025-05-17 16:50:00,1,113.13471212457524,10.687431507290535
2025-05-17 17:00:00,1,112.94078414410592,10.687431507290535
2025-05-17 17:10:00,1,113.16805750723674,14.579662073862684
2025-05-17 17:20:00,1,113.09529704588849,17.971552325358015
2025-05-17 17:30:00,1,113.34160560463846,25.463318261441465
2025-05-17 17:40:00,1,113.2519143427985,36.21063054954768
2025-05-17 17:50:00,1,113.56855259070436,25.66004461130153
2025-05-17 18:00:00,1,113.3602857200407,28.69013318648804
2025-05-17 18:10:00,1,113.655022040115,29.386285669904282
2025-05-17 18:20:00,1,113.63656415314058,30.56614713507623
2025-05-17 18:30:00,1,113.84512225980318,32.72911160306055
2025-05-17 18:40:00,1,113.6968631361372,28.837212325850324
2025-05-17 18:50:00,1,113.88981473362215,28.945734711595122
2025-05-17 19:00:00,1,113.70578348176257,28.61145167258455
2025-05-17 19:10:00,1,113.89469882717863,27.820341764442198
2025-05-17 19:20:00,1,113.70413924061936,25.669146016332327
2025-05-17 19:30:00,1,113.89686626788429,25.669146016332327
2025-05-17 19:40:00,1,113.76200711595811,18.121728281991977
2025-05-17 19:50:00,1,113.95376921538154,14.707183550317291
2025-05-17 20:00:00,1,113.77303786138796,14.707183550317291
2025-05-17 20:10:00,1,114.02456821327216,8.736537479219011
2025-05-17 20:20:00,1,113.81719817112304,8.071921171958651
2025-05-17 20:30:00,1,114.00896027054647,8.071921171958651
2025-05-17 20:40:00,1,113.85734495837431,8.736537479219011
2025-05-17 20:50:00,1,114.0586177845451,12.508351900142536
2025-05-17 21:00:00,1,113.96006603321506,14.707183550317291
2025-05-17 21:10:00,1,114.1658274973377,14.707183550317291
2025-05-17 21:20:00,1,113.97699732401186,14.707183550317291
2025-05-17 21:30:00,1,114.18397628932513,12.508351900142536
2025-05-17 21:40:00,1,113.97566519663464,12.102654353050688
2025-05-17 21:50:00,1,114.19245296146175,14.252243196125757
2025-05-17 22:00:00,1,113.98167233163993,12.102654353050688
2025-05-17 22:10:00,1,114.18601076960421,10.733422289586548
2025-05-17 22:20:00,1,113.97324612784334,12.747884671937662
2025-05-17 22:30:00,1,114.1896541143431,12.747884671937662
2025-05-17 22:40:00,1,113.97688947258223,11.378652608473521
2025-05-17 22:50:00,1,114.18857964067679,17.18269925943069
2025-05-17 23:00:00,1,114.05299827525658,17.18269925943069
2025-05-17 23:10:00,1,114.27594539510444,17.452183367070383
2025-05-17 23:20:00,1,114.08088632131519,17.452183367070383
2025-05-17 23:30:00,1,114.29237433007413,17.452183367070383
2025-05-17 23:40:00,1,114.1053083928273,15.516279944547923
2025-05-17 23:50:00,1,114.3166629951357,15.407757558803127
2025-05-18 00:00:00,1,114.11075787314026,15.516279944547923
2025-05-18 00:10:00,1,114.32716585964002,15.516279944547923
2025-05-18 00:20:00,1,114.12035038493354,15.516279944547923
2025-05-18 00:30:00,1,114.3427075384877,15.516279944547923
2025-05-18 00:40:00,1,114.12994289672683,15.516279944547923
2025-05-18 00:50:00,1,114.34129749903524,15.372353409458086
2025-05-18 01:00:00,1,114.12359720022963,15.372353409458086
2025-05-18 01:10:00,1,114.34290618265719,15.516279944547923
2025-05-18 01:20:00,1,114.13212555283536,15.516279944547923
2025-05-18 01:30:00,1,114.34949846717663,15.516279944547923
2025-05-18 01:40:00,1,114.14359334518119,15.516279944547923
2025-05-18 01:50:00,1,114.36000133168095,15.516279944547923
2025-05-18 02:00:00,1,114.14218330572872,15.516279944547923
2025-05-18 02:10:00,1,114.35859129222848,14.576093024780937
2025-05-18 02:20:00,1,114.15177581752201,14.576093024780937
2025-05-18 02:30:00,1,114.37108479994957,14.576093024780937
2025-05-18 02:40:00,1,114.16012629376277,14.576093024780937
2025-05-18 02:50:00,1,114.3758258295139,14.576093024780937
2025-05-18 03:00:00,1,114.16901035480743,15.22132334366791
2025-05-18 03:10:00,1,114.38541834130719,15.22132334366791
2025-05-18 03:20:00,1,114.20007346523667,15.22132334366791
2025-05-18 03:30:00,1,114.41686123006379,15.22132334366791
2025-05-18 03:40:00,1,114.19475117560437,15.22132334366791
2025-05-18 03:50:00,1,114.40718843290091,15.22132334366791
2025-05-18 04:00:00,1,114.1948035694674,15.22132334366791
2025-05-18 04:10:00,1,114.41716072302155,15.22132334366791
2025-05-18 04:20:00,1,114.19934269706933,16.11899305370514
2025-05-18 04:30:00,1,114.40576164233299,16.11899305370514
2025-05-18 04:40:00,1,114.19299700057212,16.11899305370514
2025-05-18 04:50:00,1,114.41036991491339,18.003808220096662
2025-05-18 05:00:00,1,114.20396450163119,18.003808220096662
2025-05-18 05:10:00,1,114.43513140948488,21.25033274330934
2025-05-18 05:20:00,1,114.22720009512173,18.003808220096662
2025-05-18 05:30:00,1,114.45451767079373,21.201089936209648
2025-05-18 05:40:00,1,114.23413702956775,21.377427361969016
2025-05-18 05:50:00,1,114.45092479439487,17.466286531495978
2025-05-18 06:00:00,1,114.22950266352456,17.466286531495978
2025-05-18 06:10:00,1,114.44085726583296,17.466286531495978
2025-05-18 06:20:00,1,114.22341901820809,17.466286531495978
2025-05-18 06:30:00,1,114.43982700470785,18.130902838756338
2025-05-18 06:40:00,1,114.23400674093982,24.665041760936088
2025-05-18 06:50:00,1,114.48396226789909,22.52411400812951
2025-05-18 07:00:00,1,114.28201040368725,19.277589484916835
2025-05-18 07:10:00,1,114.49352652655882,18.61297317765647
2025-05-18 07:20:00,1,114.59898146526385,16.856714836389216
2025-05-18 07:30:00,1,114.63047887490949,17.333421152971834
2025-05-18 07:40:00,1,114.74820663106729,20.76785566686225
2025-05-18 07:50:00,1,114.67286662990111,23.95440571161309
2025-05-18 08:00:00,1,114.91295606862819,28.507106567519166
2025-05-18 08:10:00,1,114.71096047177006,31.212368605418092
2025-05-18 08:20:00,1,114.95514216033263,28.624287585012773
2025-05-18 08:30:00,1,114.7393291226131,28.673530392112465
2025-05-18 08:40:00,1,114.96964957689772,19.415780170896177
2025-05-18 08:50:00,1,114.7661308916573,21.893719671408306
2025-05-18 09:00:00,1,114.9920415902881,23.150002604249984
2025-05-18 09:10:00,1,114.78310442813579,23.150002604249984
2025-05-18 09:20:00,1,115.03947981173778,27.70270346015606
2025-05-18 09:30:00,1,114.83699103749125,20.672063103737848
2025-05-18 09:40:00,1,115.05377880231836,20.672063103737848
2025-05-18 09:50:00,1,114.84370081646234,17.42553858052517
2025-05-18 10:00:00,1,115.06048858128946,16.760922273264804
2025-05-18 10:10:00,1,114.84772393952859,16.336070195358264
2025-05-18 10:20:00,1,115.0547865133298,16.336070195358264
2025-05-18 10:30:00,1,114.84797103862333,16.336070195358264
2025-05-18 10:40:00,1,115.06367057437446,16.336070195358264
2025-05-18 10:50:00,1,114.87365209243994,17.19540896618167
2025-05-18 11:00:00,1,115.09670525868216,17.749549187364995
2025-05-18 11:10:00,1,114.911740160939,18.07139121875065
2025-05-18 11:20:00,1,115.12814814743876,18.29705410031747
2025-05-18 11:30:00,1,114.89826057295106,18.29705410031747
2025-05-18 11:40:00,1,115.10729500361343,18.075320090944935
2025-05-18 11:50:00,1,114.88696731714153,18.29705410031747
2025-05-18 12:00:00,1,115.08393219926842,17.969411900370293
2025-05-18 12:10:00,1,114.85677783732605,17.045049839339505
2025-05-18 12:20:00,1,115.07354024274534,17.045049839339505
2025-05-18 12:30:00,1,114.86077560098447,17.217084978695667
2025-05-18 12:40:00,1,115.11406882624448,17.832458478856342
2025-05-18 12:50:00,1,114.93575738762843,17.832458478856342
2025-05-18 13:00:00,1,115.17101654531761,18.163918712761124
2025-05-18 13:10:00,1,114.99497702480767,18.163918712761124
2025-05-18 13:20:00,1,115.22225038793849,17.02786254376108
2025-05-18 13:30:00,1,115.14548429065646,17.02786254376108
2025-05-18 13:40:00,1,115.35303478873769,17.077105350860773
2025-05-18 13:50:00,1,115.15131809714539,16.27527887220009
2025-05-18 14:00:00,1,115.35775272171297,16.27527887220009
2025-05-18 14:10:00,1,115.1710665627935,13.907044271916599
2025-05-18 14:20:00,1,115.39223202990293,11.40205043178455
2025-05-18 14:30:00,1,115.20183376964106,10.951864700843624
2025-05-18 14:40:00,1,115.41356815027682,10.951864700843624
2025-05-18 14:50:00,1,115.20080350851595,10.951864700843624
2025-05-18 15:00:00,1,115.41759127334306,10.951864700843624
2025-05-18 15:10:00,1,115.19548121888364,11.5805669615211
2025-05-18 15:20:00,1,115.40956903373738,11.5805669615211
2025-05-18 15:30:00,1,115.19718417030387,11.5805669615211
2025-05-18 15:40:00,1,115.41397193513099,11.5805669615211
2025-05-18 15:50:00,1,115.20715646042451,11.5805669615211
2025-05-18 16:00:00,1,115.42951361397867,10.951864700843624
2025-05-18 16:10:00,1,115.24416873790815,10.951864700843624
2025-05-18 16:20:00,1,115.45392565278432,11.616481008103989
2025-05-18 16:30:00,1,115.24711017807785,11.616481008103989
2025-05-18 16:40:00,1,115.46389794290496,11.616481008103989
2025-05-18 16:50:00,1,115.241144259908,10.951864700843624
2025-05-18 17:00:00,1,115.46350141346215,11.616481008103989
2025-05-18 17:10:00,1,115.28014054933068,10.908229019401055
2025-05-18 17:20:00,1,115.4969283141578,11.57284532666142
2025-05-18 17:30:00,1,115.31844295785271,16.771456643735164
2025-05-18 17:40:00,1,115.53523072267983,16.771456643735164
2025-05-18 17:50:00,1,115.3203136926554,16.771456643735164
2025-05-18 18:00:00,1,115.53204807329116,16.771456643735164
2025-05-18 18:10:00,1,115.3192834315303,16.771456643735164
2025-05-18 18:20:00,1,115.54164058508445,16.771456643735164
2025-05-18 18:30:00,1,115.31953053062503,16.771456643735164
2025-05-18 18:40:00,1,115.5388395130526,16.771456643735164
2025-05-18 18:50:00,1,115.32607487129172,16.771456643735164
2025-05-18 19:00:00,1,115.5573576020791,17.386830143895846
2025-05-18 19:10:00,1,115.34942628771594,17.436072950995538
2025-05-18 19:20:00,1,115.5717834412701,17.760829862509294
2025-05-18 19:30:00,1,115.39185704211147,21.67197069298233
2025-05-18 19:40:00,1,115.60826502861123,21.67197069298233
2025-05-18 19:50:00,1,115.39550038685036,21.67197069298233
2025-05-18 20:00:00,1,115.61666585395979,21.67197069298233
2025-05-18 20:10:00,1,115.39884782800756,18.425446169769657
2025-05-18 20:20:00,1,115.61525581450732,18.425446169769657
2025-05-18 20:30:00,1,115.40287095107381,18.425446169769657
2025-05-18 20:40:00,1,115.61927893757357,17.760829862509294
2025-05-18 20:50:00,1,115.48667887486991,12.38099209967834
2025-05-18 21:00:00,1,115.93692020003563,13.020460207513192
2025-05-18 21:10:00,1,115.76859764399308,13.020460207513192
2025-05-18 21:20:00,1,116.05345583688367,13.020460207513192
2025-05-18 21:30:00,1,115.90061787046177,13.020460207513192
2025-05-18 21:40:00,1,116.16701956351794,10.909643308448857
2025-05-18 21:50:00,1,115.95463470008443,11.535083747881698
2025-05-18 22:00:00,1,116.17142246491154,11.643606133626495
2025-05-18 22:10:00,1,115.96407630006256,15.554746964099536
2025-05-18 22:20:00,1,116.17559242293413,15.725533565614455
2025-05-18 22:30:00,1,115.96968730093869,12.528251849501467
2025-05-18 22:40:00,1,116.19344983243663,15.661679272782846
2025-05-18 22:50:00,1,115.99095547407784,22.9879663571371
2025-05-18 23:00:00,1,116.23176439158311,31.800002537745705
2025-05-18 23:10:00,1,116.03953475705845,31.209966247657906
2025-05-18 23:20:00,1,116.26776931671922,30.84601030395346
2025-05-18 23:30:00,1,116.0351697343101,22.767936948522493
2025-05-18 23:40:00,1,116.25532281913159,22.817179755622185
2025-05-18 23:50:00,1,116.03324023211539,22.817179755622185
2025-05-19 00:00:00,1,116.25650773838058,23.46241007450916
2025-05-19 00:10:00,1,116.03747332249097,18.602359566762576
2025-05-19 00:20:00,1,116.25388130899073,15.466014457808871
2025-05-19 00:30:00,1,116.03575724581215,15.466014457808871
2025-05-19 00:40:00,1,116.24749162644791,12.219489934596194
2025-05-19 00:50:00,1,116.01779022509872,11.55487362733583
2025-05-19 01:00:00,1,116.25755397641818,12.452543337373054
2025-05-19 01:10:00,1,116.07358917685647,12.452543337373054
2025-05-19 01:20:00,1,116.28262360751884,13.875702636958511
2025-05-19 01:30:00,1,116.10668177478074,13.875702636958511
2025-05-19 01:40:00,1,116.30844459251377,13.875702636958511
2025-05-19 01:50:00,1,116.07179542522518,13.767180251213714
2025-05-19 02:00:00,1,116.27709879103097,13.875702636958511
2025-05-19 02:10:00,1,116.04590880173514,17.195367175766563
2025-05-19 02:20:00,1,116.28419650163997,17.14612436866687
2025-05-19 02:30:00,1,116.07561552163492,17.81074067592724
2025-05-19 02:40:00,1,116.31352344321239,24.193610308093607
2025-05-19 02:50:00,1,116.10575522779718,30.060072387696433
2025-05-19 03:00:00,1,116.34724103144057,33.120479537603416
2025-05-19 03:10:00,1,116.13239147194757,35.18788204499147
2025-05-19 03:20:00,1,116.3817017231979,37.67174566662438
2025-05-19 03:30:00,1,116.22187114441992,38.0385517544649
2025-05-19 03:40:00,1,116.46335694806332,38.0385517544649
2025-05-19 03:50:00,1,116.2554903985151,38.0385517544649
2025-05-19 04:00:00,1,116.48351789497713,37.67174566662438
2025-05-19 04:10:00,1,116.27340905632073,37.67174566662438
2025-05-19 04:20:00,1,116.52063842900854,37.67174566662438
2025-05-19 04:30:00,1,116.28358529752906,37.98269294650078
2025-05-19 04:40:00,1,116.50230743843052,35.23712485209115
2025-05-19 04:50:00,1,116.26292505859661,30.738017455473603
2025-05-19 05:00:00,1,116.46660942894037,30.516283446101067
2025-05-19 05:10:00,1,116.24162584599637,30.516283446101067
2025-05-19 05:20:00,1,116.44827843836235,21.920595189846562
2025-05-19 05:30:00,1,116.21122530688287,15.431817367105538
2025-05-19 05:40:00,1,116.43536592469621,21.81468699927192
2025-05-19 05:50:00,1,116.21773688675039,20.527262065748097
2025-05-19 06:00:00,1,116.43936002357967,16.799348369906234
2025-05-19 06:10:00,1,116.21437644063566,16.24513086269753
2025-05-19 06:20:00,1,116.43347835986448,12.998606339484843
2025-05-19 06:30:00,1,116.20360291329229,16.24513086269753
2025-05-19 06:40:00,1,116.42232505419375,15.549095002682337
2025-05-19 06:50:00,1,116.20329063830414,19.864365807476332
2025-05-19 07:00:00,1,116.40762907626842,17.014222429175593
2025-05-19 07:10:00,1,116.18859466037881,17.014222429175593
2025-05-19 07:20:00,1,116.3929330983431,13.767697905962915
2025-05-19 07:30:00,1,116.17389868245348,13.767697905962915
2025-05-19 07:40:00,1,116.3809612562547,13.103081598702548
2025-05-19 07:50:00,1,116.15635745163804,13.103081598702548
2025-05-19 08:00:00,1,116.3727654381378,13.767697905962915
2025-05-19 08:10:00,1,116.1537310222482,13.103081598702548
2025-05-19 08:20:00,1,116.3607935960494,13.103081598702548
2025-05-19 08:30:00,1,116.1311364072414,13.103081598702548
2025-05-19 08:40:00,1,116.35349356079556,13.103081598702548
2025-05-19 08:50:00,1,116.18285148412564,13.028507747897711
2025-05-19 09:00:00,1,116.40521433537837,13.693124055158078
2025-05-19 09:10:00,1,116.16816120389889,13.028507747897711
2025-05-19 09:20:00,1,116.38456919039865,13.028507747897711
2025-05-19 09:30:00,1,116.16947611252937,16.890405771271062
2025-05-19 09:40:00,1,116.39033764809949,13.693124055158078
2025-05-19 09:50:00,1,116.2711278203257,7.538340433261463
2025-05-19 10:00:00,1,117.04788919078617,8.800617167359764
2025-05-19 10:10:00,1,116.81400875242457,18.328938733306988
2025-05-19 10:20:00,1,117.05263186172554,18.328938733306988
2025-05-19 10:30:00,1,116.91625638339389,29.386930410514335
2025-05-19 10:40:00,1,117.28986686875507,24.898832244837468
2025-05-19 10:50:00,1,116.99669200263638,22.285420769986793
2025-05-19 11:00:00,1,117.20547161802612,19.14741863251892
2025-05-19 11:10:00,1,117.00826843192608,18.925684623146385
2025-05-19 11:20:00,1,117.20863597440784,18.925684623146385
2025-05-19 11:30:00,1,117.02017864092113,18.26106831588602
2025-05-19 11:40:00,1,117.20651881557458,18.26106831588602
2025-05-19 11:50:00,1,117.00931562947454,18.65377096296335
2025-05-19 12:00:00,1,117.20896127202671,18.65377096296335
2025-05-19 12:10:00,1,117.00924993764635,18.65377096296335
2025-05-19 12:20:00,1,117.1955901122998,18.65377096296335
2025-05-19 12:30:00,1,116.9881411865084,18.65377096296335
2025-05-19 12:40:00,1,117.17178141118846,18.65377096296335
2025-05-19 12:50:00,1,117.08818850058177,18.65377096296335
2025-05-19 13:00:00,1,117.28277864627832,18.92225159862146
2025-05-19 13:10:00,1,117.0868489087044,18.92225159862146
2025-05-19 13:20:00,1,117.31243056937129,15.639309142462857
2025-05-19 13:30:00,1,117.10984059170376,19.501207165836213
2025-05-19 13:40:00,1,117.36915980747312,19.501207165836213
2025-05-19 13:50:00,1,117.16560490196409,19.501207165836213
2025-05-19 14:00:00,1,117.39615361602657,19.501207165836213
2025-05-19 14:10:00,1,117.17852457808074,19.550449972935905
2025-05-19 14:20:00,1,117.39308700498962,19.550449972935905
2025-05-19 14:30:00,1,117.17413435118141,19.550449972935905
2025-05-19 14:40:00,1,117.38907655641765,19.550449972935905
2025-05-19 14:50:00,1,117.1557124886166,22.873818961253708
2025-05-19 15:00:00,1,117.61771185771319,28.802869903219243
2025-05-19 15:10:00,1,118.12267825024452,22.676273355407016
2025-05-19 15:20:00,1,118.06934292197487,22.26650719061332
2025-05-19 15:30:00,1,118.4637105451932,20.093054333055807
2025-05-19 15:40:00,1,118.41740132220353,23.10984240770647
2025-05-19 15:50:00,1,118.68184027859851,25.74889027990231
2025-05-19 16:00:00,1,118.52756425979643,26.321247469899003
2025-05-19 16:10:00,1,118.75800904607476,26.36627528554833
2025-05-19 16:20:00,1,118.6267310446574,29.891119653902248
2025-05-19 16:30:00,1,118.84934599208542,29.845887714663345
2025-05-19 16:40:00,1,118.75565252001222,29.615374494406307
2025-05-19 16:50:00,1,118.96968424616225,26.090530126052382
2025-05-19 17:00:00,1,118.82759843486936,25.62791550822236
2025-05-19 17:10:00,1,118.95113680344,25.202909241037435
2025-05-19 17:20:00,1,118.93424542212453,22.05245148420573
2025-05-19 17:30:00,1,119.02141514580251,19.289215775383514
2025-05-19 17:40:00,1,118.9528801428956,20.090700494169585
2025-05-19 17:50:00,1,119.05545833505998,20.090700494169585
2025-05-19 18:00:00,1,118.99878908353237,20.45378291649283
2025-05-19 18:10:00,1,119.10766363834902,20.504490169510714
2025-05-19 18:20:00,1,119.05057927080352,20.504490169510714
2025-05-19 18:30:00,1,119.14486315248611,20.504490169510714
2025-05-19 18:40:00,1,119.06803383909738,20.504490169510714
2025-05-19 18:50:00,1,119.16829185961575,20.504490169510714
2025-05-19 19:00:00,1,119.0974366850628,20.504490169510714
2025-05-19 19:10:00,1,119.20543078475285,20.504490169510714
2025-05-19 19:20:00,1,119.14496121485892,20.14140774718747
2025-05-19 19:30:00,1,119.25940515840263,20.504490169510714
2025-05-19 19:40:00,1,119.19557743126647,20.504490169510714
2025-05-19 19:50:00,1,119.31002137481018,20.504490169510714
2025-05-19 20:00:00,1,119.23677040890794,20.65950864861748
2025-05-19 20:10:00,1,119.35566790152201,20.466853591448423
2025-05-19 20:20:00,1,119.28241693561978,20.466853591448423
2025-05-19 20:30:00,1,119.39273120695586,20.466853591448423
2025-05-19 20:40:00,1,119.30966310846411,20.466853591448423
2025-05-19 20:50:00,1,119.68200645876702,10.412371029088833
2025-05-19 21:00:00,1,121.0961568287346,11.350820725367052
2025-05-19 21:10:00,1,121.51712515001822,9.74320368879206
2025-05-19 21:20:00,1,122.07155273097074,10.351901541049653
2025-05-19 21:30:00,1,122.50517114542625,9.74320368879206
2025-05-19 21:40:00,1,123.04118880747959,12.13639367914154
2025-05-19 21:50:00,1,123.20903908730875,13.072433373387229
2025-05-19 22:00:00,1,123.62013723432624,12.947993827064858
2025-05-19 22:10:00,1,124.00576279724385,12.947993827064858
2025-05-19 22:20:00,1,124.20543434636127,12.947993827064858
2025-05-19 22:30:00,1,124.60469691866362,13.687668281624644
2025-05-19 22:40:00,1,124.80695854051864,14.950431045462524
2025-05-19 22:50:00,1,125.38892210443628,18.219222871786133
2025-05-19 23:00:00,1,125.94177544309184,24.619111834743762
2025-05-19 23:10:00,1,126.36859170242295,24.619111834743762
2025-05-19 23:20:00,1,126.77081236158577,17.505163778160377
2025-05-19 23:30:00,1,126.98704314542269,17.77674273757445
2025-05-19 23:40:00,1,127.39075926679541,17.459931838921474
2025-05-19 23:50:00,1,127.60793075994621,17.731510798335545
2025-05-20 00:00:00,1,127.99798759900966,17.539758424004372
2025-05-20 00:10:00,1,128.1912895451676,17.539758424004372
2025-05-20 00:20:00,1,128.388252257932,18.573376603409667
2025-05-20 00:30:00,1,128.7871682770252,17.459931838921474
2025-05-20 00:40:00,1,129.17356434948212,16.318465181662557
2025-05-20 00:50:00,1,129.36686629564005,14.924725815522484
2025-05-20 01:00:00,1,129.7569231347035,15.493629883311435
2025-05-20 01:10:00,1,129.95026094238713,14.460011703906142
2025-05-20 01:20:00,1,130.13948757597987,14.460011703906142
2025-05-20 01:30:00,1,130.3287142095726,15.493629883311435
2025-05-20 01:40:00,1,130.52423720581763,15.493629883311435
2025-05-20 01:50:00,1,130.91429404488107,15.493629883311435
2025-05-20 02:00:00,1,131.12178501611507,15.493629883311435
2025-05-20 02:10:00,1,131.6420086067106,15.958343994927777
2025-05-20 02:20:00,1,132.0300447743049,14.460011703906142
2025-05-20 02:30:00,1,132.22334672046284,14.460011703906142
2025-05-20 02:40:00,1,132.41113363753618,14.460011703906142
2025-05-20 02:50:00,1,132.6252085611818,13.322825477028363
2025-05-20 03:00:00,1,133.1398627630503,8.729253495267086
2025-05-20 03:10:00,1,133.33021108796103,8.729253495267086
2025-05-20 03:20:00,1,133.54284629508723,11.098415655683754
2025-05-20 03:30:00,1,134.37185867206355,11.619829938403686
2025-05-20 03:40:00,1,134.76411418916797,11.143647594922657
2025-05-20 03:50:00,1,134.96190554592198,11.574597999164782
2025-05-20 04:00:00,1,135.36088796221864,11.143647594922657
2025-05-20 04:10:00,1,135.7417072102002,11.143647594922657
2025-05-20 04:20:00,1,136.12810328265712,11.098415655683754
2025-05-20 04:30:00,1,136.30093217865246,11.098415655683754
2025-05-20 04:40:00,1,136.5766165671147,11.098415655683754
2025-05-20 04:50:00,1,136.7413005129608,10.587706973023499
2025-05-20 05:00:00,1,137.12656693966662,11.098415655683754
2025-05-20 05:10:00,1,137.44418425207783,11.098415655683754
2025-05-20 05:20:00,1,137.60886819792393,8.729253495267086
2025-05-20 05:30:00,1,137.89777668362075,8.729253495267086
2025-05-20 05:40:00,1,138.06811134746923,8.836768835306584
2025-05-20 05:50:00,1,138.27273427032773,8.729253495267086
2025-05-20 06:00:00,1,138.45113991027145,9.531317057921449
2025-05-20 06:10:00,1,138.93717437225985,9.531317057921449
2025-05-20 06:20:00,1,139.08749489808457,9.234176555321337
2025-05-20 06:30:00,1,139.58707044651825,9.341691895360835
2025-05-20 06:40:00,1,139.73990431130116,9.806406006977177
2025-05-20 06:50:00,1,140.08659807316513,9.341691895360835
2025-05-20 07:00:00,1,140.24820248611223,9.341691895360835
2025-05-20 07:10:00,1,140.57996495675386,11.6607111268008
2025-05-20 07:20:00,1,141.07039501254744,11.710854055777501
2025-05-20 07:30:00,1,141.35991412456832,10.657236543519309
2025-05-20 07:40:00,1,141.51274798935123,12.20872749807432
2025-05-20 07:50:00,1,141.84937830454984,12.624061312518968
2025-05-20 08:00:00,1,142.01929441686582,16.346036911141343
2025-05-20 08:10:00,1,142.7760101414758,16.30080497190244
2025-05-20 08:20:00,1,142.9159085827588,11.07257035796396
2025-05-20 08:30:00,1,143.21226115018248,12.624061312518968
2025-05-20 08:40:00,1,143.46979903013707,11.07257035796396
2025-05-20 08:50:00,1,143.6703888077621,11.346569362419148
2025-05-20 09:00:00,1,143.87360979383044,10.518293420455011
2025-05-20 09:10:00,1,144.05573385853353,8.630848450282846
2025-05-20 09:20:00,1,144.2502794546185,9.09556256189919
2025-05-20 09:30:00,1,144.5874717612031,10.518293420455011
2025-05-20 09:40:00,1,144.7698310233269,10.518293420455011
2025-05-20 09:50:00,1,145.03452965993947,11.59037309256482
2025-05-20 10:00:00,1,145.31066629047214,10.812180087531813
2025-05-20 10:10:00,1,145.64290525175926,11.104704198583354
2025-05-20 10:20:00,1,145.8116376063955,12.847959712648489
2025-05-20 10:30:00,1,146.1577554902133,11.928129142855264
2025-05-20 10:40:00,1,146.33373842051904,11.882897203616361
2025-05-20 10:50:00,1,146.5195830095908,11.882897203616361
2025-05-20 11:00:00,1,146.72433258414458,11.882897203616361
2025-05-20 11:10:00,1,146.93292765254077,12.167848817139157
2025-05-20 11:20:00,1,147.1307240776983,9.63674140078863
2025-05-20 11:30:00,1,147.31656866677005,9.172027289172288
2025-05-20 11:40:00,1,147.51111426285502,9.63674140078863
2025-05-20 11:50:00,1,147.89554658496024,9.63674140078863
2025-05-20 12:00:00,1,148.07189053540702,9.172027289172288
2025-05-20 12:10:00,1,148.2669109201699,9.172027289172288
2025-05-20 12:20:00,1,148.48544871749507,9.172027289172288
2025-05-20 12:30:00,1,148.6542320426521,9.172027289172288
2025-05-20 12:40:00,1,148.83011013672032,9.172027289172288
2025-05-20 12:50:00,1,149.02144024506688,9.172027289172288
2025-05-20 13:00:00,1,149.32288905101785,9.172027289172288
2025-05-20 13:10:00,1,149.4590202773924,8.252911801209473
2025-05-20 13:20:00,1,149.70594778405436,8.717625912825811
2025-05-20 13:30:00,1,149.84661437791678,11.059472259344451
2025-05-20 13:40:00,1,149.9842105931582,8.252911801209473
2025-05-20 13:50:00,1,150.17770285573218,11.059472259344451
2025-05-20 14:00:00,1,150.34520658444586,11.059472259344451
2025-05-20 14:10:00,1,150.42924750764948,8.717625912825811
2025-05-20 14:20:00,1,150.66472793004604,11.059472259344451
2025-05-20 14:30:00,1,150.70002648904008,11.059472259344451
2025-05-20 14:40:00,1,150.99721675312725,11.059472259344451
2025-05-20 14:50:00,1,151.01212617585136,8.252911801209473
2025-05-20 15:00:00,1,151.24932613927712,9.650666815302147
2025-05-20 15:10:00,1,151.27868747290614,10.115380926918487
2025-05-20 15:20:00,1,151.57440284494197,9.650666815302147
2025-05-20 15:30:00,1,151.7712921469635,21.659000627783325
2025-05-20 15:40:00,1,153.25356831966639,23.1877437862906
2025-05-20 15:50:00,1,153.5832989939981,22.737955375114026
2025-05-20 16:00:00,1,153.93623664595526,22.737955375114026
2025-05-20 16:10:00,1,154.38361671500763,22.737955375114026
2025-05-20 16:20:00,1,154.6097962596004,22.737955375114026
2025-05-20 16:30:00,1,154.9006497949317,22.597591761782326
2025-05-20 16:40:00,1,155.5103204202469,22.617135956101208
2025-05-20 16:50:00,1,155.75271045558142,22.90671812076227
2025-05-20 17:00:00,1,156.00859171334503,23.180980708136516
2025-05-20 17:10:00,1,156.34202792309998,18.25719653745764
2025-05-20 17:20:00,1,157.01558559320796,18.311650730379956
2025-05-20 17:30:00,1,157.33172723604207,11.820299356075557
2025-05-20 17:40:00,1,157.83399417895242,12.174488607518422
2025-05-20 17:50:00,1,158.46478378619042,12.174488607518422
2025-05-20 18:00:00,1,158.77321804241518,12.174488607518422
2025-05-20 18:10:00,1,159.11144265599347,12.174488607518422
2025-05-20 18:20:00,1,159.42252761412098,13.28609943544833
2025-05-20 18:30:00,1,159.93623170866832,11.892360069308259
2025-05-20 18:40:00,1,160.44283155224255,11.892360069308259
2025-05-20 18:50:00,1,160.7707483973507,11.892360069308259
2025-05-20 19:00:00,1,161.06779939639844,11.892360069308259
2025-05-20 19:10:00,1,161.38110540461304,13.768654596281676
2025-05-20 19:20:00,1,161.8948453606861,13.768654596281676
2025-05-20 19:30:00,1,162.23849863167376,13.768654596281676
2025-05-20 19:40:00,1,162.55234565617644,14.662857142238295
2025-05-20 19:50:00,1,162.86619268067912,14.662857142238295
2025-05-20 20:00:00,1,163.18151528322693,14.662857142238295
2025-05-20 20:10:00,1,163.51113459513485,13.768654596281676
2025-05-20 20:20:00,1,163.80582956101085,13.768654596281676
2025-05-20 20:30:00,1,164.0497607717187,13.768654596281676
2025-05-20 20:40:00,1,164.5648054612265,14.662857142238295
2025-05-20 20:50:00,1,164.78917367396681,16.999745469945807
2025-05-20 21:00:00,1,165.0039306179443,16.999745469945807
2025-05-20 21:10:00,1,165.19588153610533,16.999745469945807
2025-05-20 21:20:00,1,165.45285081861775,16.93905203786977
2025-05-20 21:30:00,1,165.93038835852397,12.147889372738616
2025-05-20 21:40:00,1,166.51071743715877,12.147889372738616
2025-05-20 21:50:00,1,166.99540531039074,12.147889372738616
2025-05-20 22:00:00,1,167.20267617127556,12.147889372738616
2025-05-20 22:10:00,1,167.70037207857845,12.147889372738616
2025-05-20 22:20:00,1,168.18028945184153,12.147889372738616
2025-05-20 22:30:00,1,168.37606404333962,11.679778121887734
2025-05-20 22:40:00,1,168.8649419392774,12.147889372738616
2025-05-20 22:50:00,1,169.02932245960218,12.147889372738616
2025-05-20 23:00:00,1,169.5221791159324,13.895817990321552
2025-05-20 23:10:00,1,170.15266496827988,16.29342186256332
2025-05-20 23:20:00,1,170.6352313957084,13.895817990321552
2025-05-20 23:30:00,1,170.79961191603317,13.895817990321552
2025-05-20 23:40:00,1,171.12124090229503,12.50207862418148
2025-05-20 23:50:00,1,171.27521236862086,12.50207862418148
2025-05-21 00:00:00,1,171.5185894150936,12.147889372738616
2025-05-21 00:10:00,1,171.64062191524192,12.147889372738616
2025-05-21 00:20:00,1,171.91815622329153,12.147889372738616
2025-05-21 00:30:00,1,172.0647866028079,12.147889372738616
2025-05-21 00:40:00,1,172.34232091085752,12.147889372738616
2025-05-21 00:50:00,1,172.49530027999919,12.147889372738616
2025-05-21 01:00:00,1,172.93917860509933,12.147889372738616
2025-05-21 01:10:00,1,173.0831181917172,11.858307208077557
2025-05-21 01:20:00,1,173.3597720446402,11.858307208077557
2025-05-21 01:30:00,1,173.49780113804977,11.803853015155239
2025-05-21 01:40:00,1,173.78852481157824,11.803853015155239
2025-05-21 01:50:00,1,174.21368125510986,11.803853015155239
2025-05-21 02:00:00,1,174.6366525100801,11.803853015155239
2025-05-21 02:10:00,1,174.78741082913464,11.803853015155239
2025-05-21 02:20:00,1,175.06494513718425,11.803853015155239
2025-05-21 02:30:00,1,175.20781984083578,11.803853015155239
2025-05-21 02:40:00,1,175.50086368601026,11.803853015155239
2025-05-21 02:50:00,1,175.92602012954188,11.803853015155239
2025-05-21 03:00:00,1,176.09485473986737,11.803853015155239
2025-05-21 03:10:00,1,176.4362388475835,10.369779205780075
2025-05-21 03:20:00,1,177.90360433909694,10.369779205780075
2025-05-21 03:30:00,1,178.11181771945053,22.045292520399954
2025-05-21 03:40:00,1,178.58581695725562,22.045292520399954
2025-05-21 03:50:00,1,179.10686019698417,22.045292520399954
2025-05-21 04:00:00,1,179.6871077718563,22.334874685061017
2025-05-21 04:10:00,1,179.93271804972917,21.866763434210135
2025-05-21 04:20:00,1,180.2293239913735,22.334874685061017
2025-05-21 04:30:00,1,180.43468176579066,22.334874685061017
2025-05-21 04:40:00,1,180.7327274239544,22.334874685061017
2025-05-21 04:50:00,1,180.9478960631726,22.334874685061017
2025-05-21 05:00:00,1,181.24594172133635,22.334874685061017
2025-05-21 05:10:00,1,181.45129949575352,22.334874685061017
2025-05-21 05:20:00,1,181.74934515391726,22.334874685061017
2025-05-21 05:30:00,1,182.02367814935363,10.159678581963197
2025-05-21 05:40:00,1,183.3878098645218,12.067969112345416
2025-05-21 05:50:00,1,184.0599941993926,11.769476797109196
2025-05-21 06:00:00,1,184.48822948771945,11.769476797109196
2025-05-21 06:10:00,1,184.98665651329873,11.769476797109196
2025-05-21 06:20:00,1,185.39812391814263,11.769476797109196
2025-05-21 06:30:00,1,185.87983187203966,9.640764470691117
2025-05-21 06:40:00,1,186.2544347974413,9.538993018692913
2025-05-21 06:50:00,1,186.55148579648903,9.538993018692913
2025-05-21 07:00:00,1,186.8832902969583,9.538993018692913
2025-05-21 07:10:00,1,187.1965963051729,9.538993018692913
2025-05-21 07:20:00,1,187.71396116632675,9.538993018692913
2025-05-21 07:30:00,1,188.0418780114349,9.538993018692913
2025-05-21 07:40:00,1,188.80440506835097,11.613232867239393
2025-05-21 07:50:00,1,189.13933542991933,11.613232867239393
2025-05-21 08:00:00,1,189.45684322102852,11.613232867239393
2025-05-21 08:10:00,1,189.81223306232926,11.613232867239393
2025-05-21 08:20:00,1,190.3391134437091,11.613232867239393
2025-05-21 08:30:00,1,190.8819656764235,11.613232867239393
2025-05-21 08:40:00,1,191.51171953332351,11.67392629931543
2025-05-21 08:50:00,1,191.83594992619092,11.67392629931543
2025-05-21 09:00:00,1,192.14256906764777,11.67392629931543
2025-05-21 09:10:00,1,192.4926451716171,10.835528464074143
2025-05-21 09:20:00,1,192.86727154425944,10.372897043898762
2025-05-21 09:30:00,1,193.4936076024271,10.835528464074143
2025-05-21 09:40:00,1,193.84356833472918,11.658064764092284
2025-05-21 09:50:00,1,194.4860945122803,13.828107435278342
2025-05-21 10:00:00,1,194.9971479049249,13.426532229700104
2025-05-21 10:10:00,1,195.34686365817973,13.441157185802409
2025-05-21 10:20:00,1,195.86278880281418,11.256489558514046
2025-05-21 10:30:00,1,196.19070564792233,10.433953258495904
2025-05-21 10:40:00,1,196.51866179413514,11.133321046623063
2025-05-21 10:50:00,1,197.9207790209639,9.715165188861876
2025-05-21 11:00:00,1,198.2760120047798,9.715165188861876
2025-05-21 11:10:00,1,198.627301254049,13.170375580241457
2025-05-21 11:20:00,1,199.24163471405,9.715165188861876
2025-05-21 11:30:00,1,199.57550495912025,10.882557263492135
2025-05-21 11:40:00,1,199.9255810630896,11.357981944239805
2025-05-21 11:50:00,1,200.2430888541988,11.345188683667516
2025-05-21 12:00:00,1,200.56059664530798,11.345188683667516
2025-05-21 12:10:00,1,200.9247425698828,11.345188683667516
2025-05-21 12:20:00,1,201.45114816258473,11.345188683667516
2025-05-21 12:30:00,1,202.07748422075238,11.345188683667516
2025-05-21 12:40:00,1,202.3886050404056,11.345188683667516
2025-05-21 12:50:00,1,202.68784122801472,11.345188683667516
2025-05-21 13:00:00,1,203.03435283686724,10.882557263492135
2025-05-21 13:10:00,1,203.66434966164138,11.345188683667516
2025-05-21 13:20:00,1,204.03718693232184,10.882557263492135
2025-05-21 13:30:00,1,204.66574404057658,10.882557263492135
2025-05-21 13:40:00,1,204.9981144347551,12.167724983685655
2025-05-21 13:50:00,1,205.52776268382965,14.379714641265885
2025-05-21 14:00:00,1,206.04150263990272,14.337767654871715
2025-05-21 14:10:00,1,206.36941948501087,12.167724983685655
2025-05-21 14:20:00,1,206.71673352260504,10.882557263492135
2025-05-21 14:30:00,1,207.2340983837589,10.882557263492135
2025-05-21 14:40:00,1,207.57778751627228,10.882557263492135
2025-05-21 14:50:00,1,207.91103173326098,10.882557263492135
2025-05-21 15:00:00,1,208.22853952437018,11.602020174250042
2025-05-21 15:10:00,1,208.56108206392634,11.797120609111547
2025-05-21 15:20:00,1,209.2051966561338,12.259752029286927
2025-05-21 15:30:00,1,209.46349145117625,15.64359391515294
2025-05-21 15:40:00,1,209.7004154898207,15.64359391515294
2025-05-21 15:50:00,1,209.93733952846515,15.64359391515294
2025-05-21 16:00:00,1,210.19109545409023,15.64359391515294
2025-05-21 16:10:00,1,210.4732179096809,15.64359391515294
2025-05-21 16:20:00,1,210.96209580561867,15.64359391515294
2025-05-21 16:30:00,1,211.22039060066112,15.64359391515294
2025-05-21 16:40:00,1,211.7092684965989,14.833116517504934
2025-05-21 16:50:00,1,211.98395634641065,14.460637655384202
2025-05-21 17:00:00,1,212.47283424234843,14.460637655384202
2025-05-21 17:10:00,1,212.7955760709808,14.460637655384202
2025-05-21 17:20:00,1,213.3649099709922,14.460637655384202
2025-05-21 17:30:00,1,213.6890116093899,21.08888573210163
2025-05-21 17:40:00,1,214.25626988188498,19.77960450676002
2025-05-21 17:50:00,1,214.54708782838037,19.77960450676002
2025-05-21 18:00:00,1,214.77667321229262,19.77960450676002
2025-05-21 18:10:00,1,215.05597642859826,20.2422359269354
2025-05-21 18:20:00,1,215.3238021748288,21.08888573210163
2025-05-21 18:30:00,1,215.78641752871036,20.2422359269354
2025-05-21 18:40:00,1,216.06150834920774,20.2422359269354
2025-05-21 18:50:00,1,216.2969926713328,20.2422359269354
2025-05-21 19:00:00,1,216.5465468140633,21.55151715227701
2025-05-21 19:10:00,1,217.00916216794485,20.2422359269354
2025-05-21 19:20:00,1,217.31682130130238,20.2422359269354
2025-05-21 19:30:00,1,217.5787410014256,21.55151715227701
2025-05-21 19:40:00,1,218.03991663878773,21.55151715227701
2025-05-21 19:50:00,1,218.54207531965162,21.55151715227701
2025-05-21 20:00:00,1,219.14345844221717,21.08888573210163
2025-05-21 20:10:00,1,219.60686657856257,19.77960450676002
2025-05-21 20:20:00,1,219.89088297629314,20.736868082387435
2025-05-21 20:30:00,1,220.35651216272564,17.144668913631286
2025-05-21 20:40:00,1,220.66417129608317,17.144668913631286
2025-05-21 20:50:00,1,221.0000114682067,19.39885091006542
2025-05-21 21:00:00,1,221.31133136817076,20.708132135407023
2025-05-21 21:10:00,1,221.77250700553287,22.101871501547095
2025-05-21 21:20:00,1,222.2314615928079,24.197642142438447
2025-05-21 21:30:00,1,222.69045204160867,20.125136723409675
2025-05-21 21:40:00,1,222.9487468366511,18.731397357269607
2025-05-21 21:50:00,1,223.19830097938163,19.686489331168353
2025-05-21 22:00:00,1,223.66091633326317,18.377208105826746
2025-05-21 22:10:00,1,223.90605526307633,18.377208105826746
2025-05-21 22:20:00,1,224.13742908805992,18.377208105826746
2025-05-21 22:30:00,1,224.35450620368343,18.377208105826746
2025-05-21 22:40:00,1,224.59612071984498,14.250639596029643
2025-05-21 22:50:00,1,225.36948291741828,12.080173070779072
2025-05-21 23:00:00,1,225.55811739641754,11.725983819336209
2025-05-21 23:10:00,1,225.83964757763377,11.725983819336209
2025-05-21 23:20:00,1,226.07513189975882,11.725983819336209
2025-05-21 23:30:00,1,226.34295764598937,13.035265044677818
2025-05-21 23:40:00,1,226.80557299987092,11.725983819336209
2025-05-21 23:50:00,1,227.06386779491336,11.725983819336209
2025-05-22 00:00:00,1,227.31762372053845,11.725983819336209
2025-05-22 00:10:00,1,227.5531080426635,11.725983819336209
2025-05-22 00:20:00,1,227.80686396828858,11.793225166313993
2025-05-22 00:30:00,1,228.10725802737932,11.725983819336209
2025-05-22 00:40:00,1,228.57083830910238,13.035265044677818
2025-05-22 00:50:00,1,229.12218272959686,11.725983819336209
2025-05-22 01:00:00,1,229.40359178120383,11.725983819336209
2025-05-22 01:10:00,1,229.69260159638773,13.035265044677818
2025-05-22 01:20:00,1,230.24430238493008,11.725983819336209
2025-05-22 01:30:00,1,230.48944131474323,11.725983819336209
2025-05-22 01:40:00,1,230.74447181309722,11.382072486587532
2025-05-22 01:50:00,1,231.00232155073624,11.382072486587532
2025-05-22 02:00:00,1,231.4649369046178,11.736261738030395
2025-05-22 02:10:00,1,231.97556803853035,12.855022466507645
2025-05-22 02:20:00,1,232.43452262580539,12.583213423712548
2025-05-22 02:30:00,1,232.59890314613017,11.189474057572474
2025-05-22 02:40:00,1,232.87045731875486,10.83528480612961
2025-05-22 02:50:00,1,233.11567695230784,10.83528480612961
2025-05-22 03:00:00,1,233.36089658586081,10.83528480612961
2025-05-22 03:10:00,1,233.62115096786076,15.869155022801786
2025-05-22 03:20:00,1,234.16839820733273,13.068836273863072
2025-05-22 03:30:00,1,234.3327787276575,13.068836273863072
2025-05-22 03:40:00,1,234.6198424374071,13.068836273863072
2025-05-22 03:50:00,1,235.08245779128865,13.068836273863072
2025-05-22 04:00:00,1,235.54141237856368,13.068836273863072
2025-05-22 04:10:00,1,235.69848892872784,13.068836273863072
2025-05-22 04:20:00,1,236.1446021740659,22.874781923157933
2025-05-22 04:30:00,1,237.16711945632997,22.47114269651994
2025-05-22 04:40:00,1,237.71710006369645,26.004362321987735
2025-05-22 04:50:00,1,238.034989711445,26.358551573430596
2025-05-22 05:00:00,1,238.55749787335623,24.219071314102877
2025-05-22 05:10:00,1,239.11220654398733,23.62011400018742
2025-05-22 05:20:00,1,239.41996045972047,25.160713023515697
2025-05-22 05:30:00,1,240.15946055534945,25.898318091924967
2025-05-22 05:40:00,1,240.39930770793262,24.504578725784892
2025-05-22 05:50:00,1,240.77845619675787,26.395296064139707
2025-05-22 06:00:00,2,241.2889242211109,0.0
2025-05-22 06:10:00,2,241.59651140314426,0.0
2025-05-22 06:20:00,2,242.14534602465136,0.0
2025-05-22 06:30:00,2,242.4155627975274,0.0
2025-05-22 06:40:00,2,242.70470998877613,0.0
2025-05-22 06:50:00,2,243.0392523350296,0.0
2025-05-22 07:00:00,2,243.61471564863746,0.0
2025-05-22 07:10:00,2,244.1229984844291,0.0
2025-05-22 07:20:00,2,244.36806546291808,0.0
2025-05-22 07:30:00,2,244.74278815681262,0.0
2025-05-22 07:40:00,2,245.25469589768508,0.0
2025-05-22 07:50:00,2,245.54912721448915,0.0
2025-05-22 08:00:00,2,246.09796183599624,0.0
2025-05-22 08:10:00,2,246.35982483994016,0.0
2025-05-22 08:20:00,2,246.6786307603141,0.0
2025-05-22 08:30:00,2,247.23725886727274,0.0
2025-05-22 08:40:00,2,247.48228998423602,0.0
2025-05-22 08:50:00,2,248.03256432226254,0.0
2025-05-22 09:00:00,2,248.2462372295782,0.0
2025-05-22 09:10:00,2,248.7950718510853,0.0
2025-05-22 09:20:00,2,249.30331882535125,0.0
2025-05-22 09:30:00,2,249.51699173266692,0.0
2025-05-22 09:40:00,2,250.07397278511985,0.0
2025-05-22 09:50:00,2,250.28768155396125,0.0
2025-05-22 10:00:00,2,250.71743794760283,0.0
2025-05-22 10:10:00,2,252.03826235626735,0.0
2025-05-22 10:20:00,2,252.39254620203772,0.0
2025-05-22 10:30:00,2,252.7905698746197,0.0
2025-05-22 10:40:00,2,253.5459332350195,0.0
2025-05-22 10:50:00,2,254.051480089407,0.0
2025-05-22 11:00:00,2,254.26515299672266,0.0
2025-05-22 11:10:00,2,254.6398756906172,0.0
2025-05-22 11:20:00,2,255.23147305405848,0.0
2025-05-22 11:30:00,2,255.44514596137415,0.0
2025-05-22 11:40:00,2,255.80704181312413,0.0
2025-05-22 11:50:00,2,256.0499152420558,0.0
2025-05-22 12:00:00,2,256.4246379359504,0.0
2025-05-22 12:10:00,2,257.0064418139401,0.0
2025-05-22 12:20:00,2,257.2201505827815,0.0
2025-05-22 12:30:00,2,257.5834861510509,0.0
2025-05-22 12:40:00,2,257.82547912485603,0.0
2025-05-22 12:50:00,2,258.19876210223117,0.0
2025-05-22 13:00:00,2,258.7805659802209,0.0
2025-05-22 13:10:00,2,259.32178221096945,0.0
2025-05-22 13:20:00,2,259.53549097981085,0.0
2025-05-22 13:30:00,2,260.11873457432,0.0
2025-05-22 13:40:00,2,260.3324074816357,0.0
2025-05-22 13:50:00,2,260.7154839444624,0.0
2025-05-22 14:00:00,2,261.29969246681304,0.0
2025-05-22 14:10:00,2,262.1045998237992,0.0
2025-05-22 14:20:00,2,262.6154464342549,0.0
2025-05-22 14:30:00,2,262.8291193415706,0.0
2025-05-22 14:40:00,2,263.20829558453556,0.0
2025-05-22 14:50:00,2,263.7915391790447,0.0
2025-05-22 15:00:00,2,264.0052479478861,0.0
2025-05-22 15:10:00,2,264.37853092526126,0.0
2025-05-22 15:20:00,2,264.960334803251,0.0
2025-05-22 15:30:00,2,265.50155103399953,0.0
2025-05-22 15:40:00,2,266.05112103368026,0.0
2025-05-22 15:50:00,2,266.5923372644288,0.0
2025-05-22 16:00:00,2,266.8446447728996,0.0
2025-05-22 16:10:00,2,267.38376925169774,0.0
2025-05-22 16:20:00,2,267.5892742961808,0.0
2025-05-22 16:30:00,2,268.29725525611497,0.0
2025-05-22 16:40:00,2,268.7280888445727,0.0
2025-05-22 16:50:00,2,268.93625386629503,0.0
2025-05-22 17:00:00,2,269.46336283755886,0.0
2025-05-22 17:10:00,2,269.9249603675977,0.0
2025-05-22 17:20:00,2,270.3798533704904,0.0
2025-05-22 17:30:00,2,270.59191861207455,0.0
2025-05-22 17:40:00,2,270.95979459924945,0.0
2025-05-22 17:50:00,2,271.2916811197632,0.0
2025-05-22 18:00:00,2,271.7648218164756,0.0
2025-05-22 18:10:00,2,272.22115453588776,0.0
2025-05-22 18:20:00,2,272.4253831244993,0.0
2025-05-22 18:30:00,2,272.80064113731896,0.0
2025-05-22 18:40:00,2,273.1299622743718,0.0
2025-05-22 18:50:00,2,273.4592834114246,0.0
2025-05-22 19:00:00,2,273.7936579326688,0.0
2025-05-22 19:10:00,2,274.26784691359217,0.0
2025-05-22 19:20:00,2,274.69341527991156,0.0
2025-05-22 19:30:00,2,274.8864813028052,0.0
2025-05-22 19:40:00,2,275.2657044707402,0.0
2025-05-22 19:50:00,2,275.59502560779305,0.0
2025-05-22 20:00:00,2,275.92202657319984,0.0
2025-05-22 20:10:00,2,276.256401094444,0.0
2025-05-22 20:20:00,2,276.7305900753674,0.0
2025-05-22 20:30:00,2,277.1610524666012,0.0
2025-05-22 20:40:00,2,277.5929545743544,0.0
2025-05-22 20:50:00,2,278.0287796132301,0.0
2025-05-22 21:00:00,2,278.4676369637492,0.0
2025-05-22 21:10:00,2,278.90202228610553,0.0
2025-05-22 21:20:00,2,279.0994517159657,0.0
2025-05-22 21:30:00,2,279.4781842108179,0.0
2025-05-22 21:40:00,2,279.97091319291684,0.0
2025-05-22 21:50:00,2,280.1726543311015,0.0
2025-05-22 22:00:00,2,280.55379147031465,0.0
2025-05-22 22:10:00,2,281.23574621001603,0.0
2025-05-22 22:20:00,2,281.68792340639953,0.0
2025-05-22 22:30:00,2,281.897949254535,0.0
2025-05-22 22:40:00,2,282.27812146590657,0.0
2025-05-22 22:50:00,2,282.75217126119054,0.0
2025-05-22 23:00:00,2,282.9563170437362,0.0
2025-05-22 23:10:00,2,283.6465769589625,0.0
2025-05-22 23:20:00,2,284.09289845552325,0.0
2025-05-22 23:30:00,2,284.7160875387305,0.0
2025-05-22 23:40:00,2,284.913887754303,0.0
2025-05-22 23:50:00,2,285.4180679803347,0.0
2025-05-23 00:00:00,2,285.61060338528046,0.0
2025-05-23 00:10:00,2,285.99038416434365,0.0
2025-05-23 00:20:00,2,286.4640425273192,0.0
2025-05-23 00:30:00,2,286.6551382157455,0.0
2025-05-23 00:40:00,2,287.0363587113281,0.0
2025-05-23 00:50:00,2,287.47539208894176,0.0
2025-05-23 01:00:00,2,287.67678667391726,0.0
2025-05-23 01:10:00,2,288.0637573025774,0.0
2025-05-23 01:20:00,2,288.39110810516297,0.0
2025-05-23 01:30:00,2,288.7259169363008,0.0
2025-05-23 01:40:00,2,289.36246078146763,0.0
2025-05-23 01:50:00,2,289.7687795440378,0.0
2025-05-23 02:00:00,2,290.2092526381708,0.0
2025-05-23 02:10:00,2,290.3948229196424,0.0
2025-05-23 02:20:00,2,291.0525036389856,0.0
2025-05-23 02:30:00,2,291.24227194752365,0.0
2025-05-23 02:40:00,2,291.6006853237796,0.0
2025-05-23 02:50:00,2,291.8955808251126,0.0
2025-05-23 03:00:00,2,292.2499207353028,0.0
2025-05-23 03:10:00,2,292.66959279504835,0.0
2025-05-23 03:20:00,2,293.1180904110651,0.0
2025-05-23 03:30:00,2,293.7263727647635,0.0
2025-05-23 03:40:00,2,294.3314691405333,0.0
2025-05-23 03:50:00,2,294.71077656041973,0.0
2025-05-23 04:00:00,2,295.0520871715019,0.0
2025-05-23 04:10:00,2,295.3933977825841,0.0
2025-05-23 04:20:00,2,295.8387015361624,0.0
2025-05-23 04:30:00,2,296.5728788355552,0.0
2025-05-23 04:40:00,2,297.0143323179423,0.0
2025-05-23 04:50:00,2,297.28809691660985,0.0
2025-05-23 05:00:00,2,297.7403654377115,0.0
2025-05-23 05:10:00,2,298.1361047414834,0.0
2025-05-23 05:20:00,2,298.4688812076408,0.0
2025-05-23 05:30:00,2,298.83015756428523,0.0
2025-05-23 05:40:00,2,299.2783203910824,0.0
2025-05-23 05:50:00,2,299.8844337401599,0.0
2025-05-23 06:00:00,2,300.0792790502034,0.0
2025-05-23 06:10:00,2,300.5578062449417,0.0
2025-05-23 06:20:00,2,300.945472274985,0.0
2025-05-23 06:30:00,2,301.3071284099568,0.0
2025-05-23 06:40:00,2,301.66878454492866,0.0
2025-05-23 06:50:00,2,302.1101027480627,0.0
2025-05-23 07:00:00,2,302.61617009487117,0.0
2025-05-23 07:10:00,2,303.2364335704332,0.0
2025-05-23 07:20:00,2,303.6108891838294,0.0
2025-05-23 07:30:00,2,303.9780471520826,0.0
2025-05-23 07:40:00,2,304.3569758177739,0.0
2025-05-23 07:50:00,2,304.9796162282185,0.0
2025-05-23 08:00:00,2,305.1681277968282,0.0
2025-05-23 08:10:00,2,305.6166912372951,0.0
2025-05-23 08:20:00,2,305.85246811138137,0.0
2025-05-23 08:30:00,2,306.2591232860608,0.0
2025-05-23 08:40:00,2,306.6265851858533,0.0
2025-05-23 08:50:00,2,306.9838564425174,0.0
2025-05-23 09:00:00,2,307.34150747750886,0.0
2025-05-23 09:10:00,2,307.711510565967,0.0
2025-05-23 09:20:00,2,308.3223154016964,0.0
2025-05-23 09:30:00,2,308.50803860208003,0.0
2025-05-23 09:40:00,2,308.9498885227858,0.0
2025-05-23 09:50:00,2,309.2600739867835,0.0
2025-05-23 10:00:00,2,310.19664039514805,0.0
2025-05-23 10:10:00,2,310.44462853078915,0.0
2025-05-23 10:20:00,2,310.8781958290701,0.0
2025-05-23 10:30:00,2,311.265330657401,0.0
2025-05-23 10:40:00,2,311.9646403719342,0.0
2025-05-23 10:50:00,2,312.2096881974952,0.0
2025-05-23 11:00:00,2,312.71381875446383,0.0
2025-05-23 11:10:00,2,313.2332685942091,0.0
2025-05-23 11:20:00,2,313.94156441322946,0.0
2025-05-23 11:30:00,2,314.64671011584693,0.0
2025-05-23 11:40:00,2,314.91713562729444,0.0
2025-05-23 11:50:00,2,315.317831277124,0.0
2025-05-23 12:00:00,2,315.6818733273614,0.0
2025-05-23 12:10:00,2,316.057302503224,0.0
2025-05-23 12:20:00,2,316.5618128385199,0.0
2025-05-23 12:30:00,2,316.7782727925089,0.0
2025-05-23 12:40:00,2,317.47162910708,0.0
2025-05-23 12:50:00,2,317.9355876566605,0.0
2025-05-23 13:00:00,2,318.19428260735975,0.0
2025-05-23 13:10:00,2,318.70286671339875,0.0
2025-05-23 13:20:00,2,319.17793602877384,0.0
2025-05-23 13:30:00,2,319.73537268734583,0.0
2025-05-23 13:40:00,2,320.3948159538332,0.0
2025-05-23 13:50:00,2,320.6556952551137,0.0
2025-05-23 14:00:00,2,321.35797714691796,0.0
2025-05-23 14:10:00,2,321.8308612737317,0.0
2025-05-23 14:20:00,2,322.1131498253838,0.0
2025-05-23 14:30:00,2,322.5147769960134,0.0
2025-05-23 14:40:00,2,322.89020617187595,0.0
2025-05-23 14:50:00,2,323.3963440545736,0.0
2025-05-23 15:00:00,2,323.92600530252287,0.0
2025-05-23 15:10:00,2,324.77829423313557,0.0
2025-05-23 15:20:00,2,325.5117881119092,0.0
2025-05-23 15:30:00,2,325.7671560984461,0.0
2025-05-23 15:40:00,2,326.4656678880692,0.0
2025-05-23 15:50:00,2,326.99698220081524,0.0
2025-05-23 16:00:00,2,327.487066105594,0.0
2025-05-23 16:10:00,2,328.0907763761562,0.0
2025-05-23 16:20:00,2,328.7287844076779,0.0
2025-05-23 16:30:00,2,328.9831874663733,0.0
2025-05-23 16:40:00,2,329.48596057576407,0.0
2025-05-23 16:50:00,2,330.0929030863391,0.0
2025-05-23 17:00:00,2,330.3060757370672,0.0
2025-05-23 17:10:00,2,330.6980312158683,0.0
2025-05-23 17:20:00,2,331.12863208429764,0.0
2025-05-23 17:30:00,2,331.4846095831493,0.0
2025-05-23 17:40:00,2,332.0590911560858,0.0
2025-05-23 17:50:00,2,332.45567036080377,0.0
2025-05-23 18:00:00,2,332.81985158401375,0.0
2025-05-23 18:10:00,2,333.1704106059535,0.0
2025-05-23 18:20:00,2,333.60101147438286,0.0
2025-05-23 18:30:00,2,333.95157049632263,0.0
2025-05-23 18:40:00,2,334.2911221709646,0.0
2025-05-23 18:50:00,2,334.65027618230175,0.0
2025-05-23 19:00:00,2,335.0008352042415,0.0
2025-05-23 19:10:00,2,335.43143607267086,0.0
2025-05-23 19:20:00,2,335.753042354099,0.0
2025-05-23 19:30:00,2,336.15835999396984,0.0
2025-05-23 19:40:00,2,336.57660376303687,0.0
2025-05-23 19:50:00,2,336.9948475321039,0.0
2025-05-23 20:00:00,2,337.3527885796884,0.0
2025-05-23 20:10:00,2,337.6915012250712,0.0
2025-05-23 20:20:00,2,338.1141767290397,0.0
2025-05-23 20:30:00,2,338.5521892231575,0.0
2025-05-23 20:40:00,2,339.22214012143036,0.0
2025-05-23 20:50:00,2,339.74870601679373,0.0
2025-05-23 21:00:00,2,339.9379907948207,0.0
2025-05-23 21:10:00,2,340.37804895805493,0.0
2025-05-23 21:20:00,2,340.74454769100555,0.0
2025-05-23 21:30:00,2,341.02918447419125,0.0
2025-05-23 21:40:00,2,341.4053794135121,0.0
2025-05-23 21:50:00,2,341.69082378523797,0.0
2025-05-23 22:00:00,2,342.0230891401756,0.0
2025-05-23 22:10:00,2,342.3604078793046,0.0
2025-05-23 22:20:00,2,342.7362230402981,0.0
2025-05-23 22:30:00,2,343.02616518714086,0.0
2025-05-23 22:40:00,2,343.4023601264617,0.0
2025-05-23 22:50:00,2,343.75857295076,0.0
2025-05-23 23:00:00,2,344.06849721262523,0.0
2025-05-23 23:10:00,2,344.4007625675629,0.0
2025-05-23 23:20:00,2,344.73340770082785,0.0
2025-05-23 23:30:00,2,345.06605283409283,0.0
2025-05-23 23:40:00,2,345.3983181890305,0.0
2025-05-23 23:50:00,2,345.73698163432834,0.0
2025-05-24 00:00:00,2,346.246090027197,0.0
2025-05-24 00:10:00,2,346.6116122943014,0.0
2025-05-24 00:20:00,2,346.9678251185997,0.0
2025-05-24 00:30:00,2,347.2773696021376,0.0
2025-05-24 00:40:00,2,347.61914189033695,0.0
2025-05-24 00:50:00,2,347.9953368296578,0.0
2025-05-24 01:00:00,2,348.35353366589516,0.0
2025-05-24 01:10:00,2,348.66307814943303,0.0
2025-05-24 01:20:00,2,349.00238090050107,0.0
2025-05-24 01:30:00,2,349.3839943167338,0.0
2025-05-24 01:40:00,2,349.8969540755035,0.0
2025-05-24 01:50:00,2,350.2613605029512,0.0
2025-05-24 02:00:00,2,350.62829189018885,0.0
2025-05-24 02:10:00,2,350.9934302917204,0.0
2025-05-24 02:20:00,2,351.40613590854935,0.0
2025-05-24 02:30:00,2,352.66961973269787,0.0
2025-05-24 02:40:00,2,354.0892056041215,0.0
2025-05-24 02:50:00,2,354.5614165514756,0.0
2025-05-24 03:00:00,2,355.06797630281676,0.0
2025-05-24 03:10:00,2,355.50271202525795,0.0
2025-05-24 03:20:00,2,356.25023673820203,0.0
2025-05-24 03:30:00,2,356.8868090494223,0.0
2025-05-24 03:40:00,2,357.8249792922818,0.0
2025-05-24 03:50:00,2,358.5102366053813,0.0
2025-05-24 04:00:00,2,359.14674378232814,0.0
2025-05-24 04:10:00,2,359.7868758643558,0.0
2025-05-24 04:20:00,2,360.2276199813916,0.0
2025-05-24 04:30:00,2,360.65298470848376,0.0
2025-05-24 04:40:00,2,361.2514336142479,0.0
2025-05-24 04:50:00,2,361.68772418221334,0.0
2025-05-24 05:00:00,2,362.33500716141805,0.0
2025-05-24 05:10:00,2,363.42067008884334,0.0
2025-05-24 05:20:00,2,363.8650049374862,0.0
2025-05-24 05:30:00,2,364.4433372372248,0.0
2025-05-24 05:40:00,2,364.8101109993238,0.0
2025-05-24 05:50:00,2,365.1800038637338,0.0
2025-05-24 06:00:00,2,365.58575052067516,0.0
2025-05-24 06:10:00,2,365.9371448928305,0.0
2025-05-24 06:20:00,2,366.51198857134017,0.0
2025-05-24 06:30:00,2,367.3450138367129,0.0
2025-05-24 06:40:00,2,367.916671537294,0.0
2025-05-24 06:50:00,2,368.2789917503227,0.0
2025-05-24 07:00:00,2,368.66236216096377,0.0
2025-05-24 07:10:00,2,369.04632484597926,0.0
2025-05-24 07:20:00,2,369.6216433131669,0.0
2025-05-24 07:30:00,2,370.1969617803545,0.0
2025-05-24 07:40:00,2,370.5775535968832,0.0
2025-05-24 07:50:00,2,370.9331497519331,0.0
2025-05-24 08:00:00,2,371.2982485590741,0.0
2025-05-24 08:10:00,2,371.7141872825754,0.0
2025-05-24 08:20:00,2,372.0840801469854,0.0
2025-05-24 08:30:00,2,372.46513038598044,0.0
2025-05-24 08:40:00,2,372.7956003435679,0.0
2025-05-24 08:50:00,2,373.1747689713144,0.0
2025-05-24 09:00:00,2,373.7375688257415,0.0
2025-05-24 09:10:00,2,374.09303444480776,0.0
2025-05-24 09:20:00,2,374.4914396038958,0.0
2025-05-24 09:30:00,2,375.2607593357492,0.0
2025-05-24 09:40:00,2,375.86780343069455,0.0
2025-05-24 09:50:00,2,376.43060328512166,0.0
2025-05-24 10:00:00,2,376.8061718139125,0.0
2025-05-24 10:10:00,2,377.5699483548194,0.0
2025-05-24 10:20:00,2,378.1171899908884,0.0
2025-05-24 10:30:00,2,378.5253268325394,0.0
2025-05-24 10:40:00,2,379.29054308996575,0.0
2025-05-24 10:50:00,2,379.8455787033593,0.0
2025-05-24 11:00:00,2,380.24190694576754,0.0
2025-05-24 11:10:00,2,380.62730934730246,0.0
2025-05-24 11:20:00,2,381.1767361719328,0.0
2025-05-24 11:30:00,2,381.77198323745273,0.0
2025-05-24 11:40:00,2,382.5326874311886,0.0
2025-05-24 11:50:00,2,382.8928224556559,0.0
2025-05-24 12:00:00,2,383.27097646903087,0.0
2025-05-24 12:10:00,2,384.2043742569813,0.0
2025-05-24 12:20:00,2,384.80286132842923,0.0
2025-05-24 12:30:00,2,385.36011799190993,0.0
2025-05-24 12:40:00,2,385.91881437191,0.0
2025-05-24 12:50:00,2,386.4775107519101,0.0
2025-05-24 13:00:00,2,386.89067088129895,0.0
2025-05-24 13:10:00,2,387.2929051698145,0.0
2025-05-24 13:20:00,2,387.8393181618939,0.0
2025-05-24 13:30:00,2,388.3857311539733,0.0
2025-05-24 13:40:00,2,388.93214414605274,0.0
2025-05-24 13:50:00,2,389.2959040756008,0.0
2025-05-24 14:00:00,2,389.84087735116077,0.0
2025-05-24 14:10:00,2,390.25403748054964,0.0
2025-05-24 14:20:00,2,390.80045047262905,0.0
2025-05-24 14:30:00,2,391.2136106020179,0.0
2025-05-24 14:40:00,2,391.5832765776733,0.0
2025-05-24 14:50:00,2,392.1034270276965,0.0
2025-05-24 15:00:00,2,392.6235774777197,0.0
2025-05-24 15:10:00,2,393.14372792774293,0.0
2025-05-24 15:20:00,2,393.5133939033983,0.0
2025-05-24 15:30:00,2,394.0379979024919,0.0
2025-05-24 15:40:00,2,394.56116218506605,0.0
2025-05-24 15:50:00,2,395.0843264676402,0.0
2025-05-24 16:00:00,2,395.6521530394151,0.0
2025-05-24 16:10:00,2,396.3611885825873,0.0
2025-05-24 16:20:00,2,396.7595046301835,0.0
2025-05-24 16:30:00,2,397.46854017335573,0.0
2025-05-24 16:40:00,2,397.9961764840927,0.0
2025-05-24 16:50:00,2,398.35238593633983,0.0
2025-05-24 17:00:00,2,398.8710966698436,0.0
2025-05-24 17:10:00,2,399.2421168585016,0.0
2025-05-24 17:20:00,2,399.94978380864785,0.0
2025-05-24 17:30:00,2,400.30042373449237,0.0
2025-05-24 17:40:00,2,400.8205741845156,0.0
2025-05-24 17:50:00,2,401.1871223450107,0.0
2025-05-24 18:00:00,2,401.8961578881829,0.0
2025-05-24 18:10:00,2,402.45854750395347,0.0
2025-05-24 18:20:00,2,402.98315150304705,0.0
2025-05-24 18:30:00,2,403.35000095908504,0.0
2025-05-24 18:40:00,2,403.87907698634143,0.0
2025-05-24 18:50:00,2,404.39922743636464,0.0
2025-05-24 19:00:00,2,404.74800114206204,0.0
2025-05-24 19:10:00,2,405.2254721928937,0.0
2025-05-24 19:20:00,2,405.6877944561005,0.0
2025-05-24 19:30:00,2,406.15011671930733,0.0
2025-05-24 19:40:00,2,406.6556615551955,0.0
2025-05-24 19:50:00,2,407.30241536248093,0.0
2025-05-24 20:00:00,2,407.5676002548,0.0
2025-05-24 20:10:00,2,408.0279662348482,0.0
2025-05-24 20:20:00,2,408.37547371716124,0.0
2025-05-24 20:30:00,2,408.77035779176055,0.0
2025-05-24 20:40:00,2,409.2478288425922,0.0
2025-05-24 20:50:00,2,409.7273430304637,0.0
2025-05-24 21:00:00,2,410.4059707097439,0.0
2025-05-24 21:10:00,2,410.91055061779053,0.0
2025-05-24 21:20:00,2,411.3849018933675,0.0
2025-05-24 21:30:00,2,411.8315772814028,0.0
2025-05-24 21:40:00,2,412.28419497856345,0.0
2025-05-24 21:50:00,2,412.72892377703187,0.0
2025-05-24 22:00:00,2,413.07643125934493,0.0
2025-05-24 22:10:00,2,413.47673381085616,0.0
2025-05-24 22:20:00,2,414.1300145313844,0.0
2025-05-24 22:30:00,2,414.5623436396501,0.0
2025-05-24 22:40:00,2,414.8931018964617,0.0
2025-05-24 22:50:00,2,415.2813579486368,0.0
2025-05-24 23:00:00,2,415.78011131956373,0.0
2025-05-24 23:10:00,2,416.25480880472514,0.0
2025-05-24 23:20:00,2,416.5966531924555,0.0
2025-05-24 23:30:00,2,417.2753660792982,0.0
2025-05-24 23:40:00,2,417.74426309608003,0.0
2025-05-24 23:50:00,2,418.0837028394495,0.0
2025-05-25 00:00:00,2,418.46422281245293,0.0
2025-05-25 00:10:00,2,418.8447427854564,0.0
2025-05-25 00:20:00,2,419.2329988376315,0.0
2025-05-25 00:30:00,2,419.72970330384896,0.0
2025-05-25 00:40:00,2,420.3757847135693,0.0
2025-05-25 00:50:00,2,420.61388678935396,0.0
2025-05-25 01:00:00,2,421.1126401602809,0.0
2025-05-25 01:10:00,2,421.5817608209669,0.0
2025-05-25 01:20:00,2,422.0478491700095,0.0
2025-05-25 01:30:00,2,422.41570454517733,0.0
2025-05-25 01:40:00,2,423.5480974517699,0.0
2025-05-25 01:50:00,2,423.8464963135631,0.0
2025-05-25 02:00:00,2,424.3034342816904,0.0
2025-05-25 02:10:00,2,425.1138014687297,0.0
2025-05-25 02:20:00,2,425.7051180764403,0.0
2025-05-25 02:30:00,2,425.94298735128706,0.0
2025-05-25 02:40:00,2,426.45511981112605,0.0
2025-05-25 02:50:00,2,427.29262028864406,0.0
2025-05-25 03:00:00,2,427.7451243776731,0.0
2025-05-25 03:10:00,2,428.23778491561933,0.0
2025-05-25 03:20:00,2,428.85979254163584,0.0
2025-05-25 03:30:00,2,429.48227495633023,0.0
2025-05-25 03:40:00,2,429.93210839115073,0.0
2025-05-25 03:50:00,2,430.25471894312216,0.0
2025-05-25 04:00:00,2,430.9017147661581,0.0
2025-05-25 04:10:00,2,431.61352533314766,0.0
2025-05-25 04:20:00,2,432.0091314675956,0.0
2025-05-25 04:30:00,2,432.6167803011495,0.0
2025-05-25 04:40:00,2,433.26274503688103,0.0
2025-05-25 04:50:00,2,433.49006847446793,0.0
2025-05-25 05:00:00,2,433.88146983739097,0.0
2025-05-25 05:10:00,2,434.38112355535463,0.0
2025-05-25 05:20:00,2,435.0029126350461,0.0
2025-05-25 05:30:00,2,435.5194446169603,0.0
2025-05-25 05:40:00,2,435.9732059857488,0.0
2025-05-25 05:50:00,2,436.42552763801785,0.0
2025-05-25 06:00:00,2,436.9401310261736,0.0
2025-05-25 06:10:00,2,437.26723600403784,0.0
2025-05-25 06:20:00,2,437.7316741322883,0.0
2025-05-25 06:30:00,2,438.03926364329254,0.0
2025-05-25 06:40:00,2,438.503701771543,0.0
2025-05-25 06:50:00,2,439.26935296343265,0.0
2025-05-25 07:00:00,2,439.49282779620364,0.0
2025-05-25 07:10:00,2,439.86396812003613,0.0
2025-05-25 07:20:00,2,440.56139082611986,0.0
2025-05-25 07:30:00,2,440.8304293028852,0.0
2025-05-25 07:40:00,2,441.40263458080034,0.0
2025-05-25 07:50:00,2,441.9505795170461,0.0
2025-05-25 08:00:00,2,442.33715137375884,0.0
2025-05-25 08:10:00,2,442.77917562646445,0.0
2025-05-25 08:20:00,2,443.34528318288596,0.0
2025-05-25 08:30:00,2,443.75316602384447,0.0
2025-05-25 08:40:00,2,444.1951902765501,0.0
2025-05-25 08:50:00,2,444.762737549491,0.0
2025-05-25 09:00:00,2,445.1597898542713,0.0
2025-05-25 09:10:00,2,445.850026975979,0.0
2025-05-25 09:20:00,2,446.34371911895556,0.0
2025-05-25 09:30:00,2,446.74530832917566,0.0
2025-05-25 09:40:00,2,447.31319100829387,0.0
2025-05-25 09:50:00,2,448.0049411229708,0.0
2025-05-25 10:00:00,2,448.65202941995045,0.0
2025-05-25 10:10:00,2,448.9030079361557,0.0
2025-05-25 10:20:00,2,449.3316344958662,0.0
2025-05-25 10:30:00,2,449.7744501816667,0.0
2025-05-25 10:40:00,2,450.3318302050696,0.0
2025-05-25 10:50:00,2,450.88136151063816,0.0
2025-05-25 11:00:00,2,451.5800240266073,0.0
2025-05-25 11:10:00,2,452.4395134282892,0.0
2025-05-25 11:20:00,2,452.96057076528774,0.0
2025-05-25 11:30:00,2,453.85867320818653,0.0
2025-05-25 11:40:00,2,454.51853859065676,0.0
2025-05-25 11:50:00,2,455.0413484563625,0.0
2025-05-25 12:00:00,2,455.7340835528471,0.0
2025-05-25 12:10:00,2,456.21960185287077,0.0
2025-05-25 12:20:00,2,456.60159410414667,0.0
2025-05-25 12:30:00,2,457.03527404804856,0.0
2025-05-25 12:40:00,2,457.57687664032335,0.0
2025-05-25 12:50:00,2,457.95834666454124,0.0
2025-05-25 13:00:00,2,458.4974280392156,0.0
2025-05-25 13:10:00,2,458.8792778417608,0.0
2025-05-25 13:20:00,2,459.4179794381078,0.0
2025-05-25 13:30:00,2,459.79104611215047,0.0
2025-05-25 13:40:00,2,460.23037317672214,0.0
2025-05-25 13:50:00,2,460.9140521293747,0.0
2025-05-25 14:00:00,2,461.43009454376113,0.0
2025-05-25 14:10:00,2,462.3049672921428,0.0
2025-05-25 14:20:00,2,462.55125492968097,0.0
2025-05-25 14:30:00,2,462.98902712341834,0.0
2025-05-25 14:40:00,2,463.5609021127815,0.0
2025-05-25 14:50:00,2,464.22222018154173,0.0
2025-05-25 15:00:00,2,464.48005910431857,0.0
2025-05-25 15:10:00,2,465.0319973782385,0.0
2025-05-25 15:20:00,2,465.5555501869607,0.0
2025-05-25 15:30:00,2,465.9418535385763,0.0
2025-05-25 15:40:00,2,466.4805551349233,0.0
2025-05-25 15:50:00,2,466.8640091710802,0.0
2025-05-25 16:00:00,2,467.417292151169,0.0
2025-05-25 16:10:00,2,468.1034122859943,0.0
2025-05-25 16:20:00,2,468.7360874746197,0.0
2025-05-25 16:30:00,2,469.0808449851915,0.0
2025-05-25 16:40:00,2,469.50465357151484,0.0
2025-05-25 16:50:00,2,469.91966367532507,0.0
2025-05-25 17:00:00,2,470.3444846439363,0.0
2025-05-25 17:10:00,2,470.76968539087494,0.0
2025-05-25 17:20:00,2,471.18507527301256,0.0
2025-05-25 17:30:00,2,471.6000853768228,0.0
2025-05-25 17:40:00,2,472.0165447599063,0.0
2025-05-25 17:50:00,2,472.5556261345807,0.0
2025-05-25 18:00:00,2,472.92869280862334,0.0
2025-05-25 18:10:00,2,473.3422814809899,0.0
2025-05-25 18:20:00,2,473.89111091200834,0.0
2025-05-25 18:30:00,2,474.56301096232676,0.0
2025-05-25 18:40:00,2,475.083454931063,0.0
2025-05-25 18:50:00,2,475.7735212096932,0.0
2025-05-25 19:00:00,2,476.47000810720533,0.0
2025-05-25 19:10:00,2,477.5438675177216,0.0
2025-05-25 19:20:00,2,478.2599427028764,0.0
2025-05-25 19:30:00,2,479.35692174197345,0.0
2025-05-25 19:40:00,2,479.9656129616454,0.0
2025-05-25 19:50:00,2,480.60122772616404,0.0
2025-05-25 20:00:00,2,480.97286688297845,0.0
2025-05-25 20:10:00,2,481.7351900441021,0.0
2025-05-25 20:20:00,2,482.2597904564009,0.0
2025-05-25 20:30:00,2,482.6216640651855,0.0
2025-05-25 20:40:00,2,483.5920095604705,0.0
2025-05-25 20:50:00,2,484.4418845222151,0.0
2025-05-25 21:00:00,2,484.73311493420204,0.0
2025-05-25 21:10:00,2,485.341090073455,0.0
2025-05-25 21:20:00,2,485.73509899146006,0.0
2025-05-25 21:30:00,2,486.8682286907603,0.0
2025-05-25 21:40:00,2,487.9401677716341,0.0
2025-05-25 21:50:00,2,488.27457975067773,0.0
2025-05-25 22:00:00,2,488.89534050671267,0.0
2025-05-25 22:10:00,2,489.2931692045284,0.0
2025-05-25 22:20:00,2,490.16307265747963,0.0
2025-05-25 22:30:00,2,491.02753915442656,0.0
2025-05-25 22:40:00,2,491.3162845588658,0.0
2025-05-25 22:50:00,2,491.73500762286875,0.0
2025-05-25 23:00:00,2,492.3618661003973,0.0
2025-05-25 23:10:00,2,492.9702834804667,0.0
2025-05-25 23:20:00,2,493.3533609410758,0.0
2025-05-25 23:30:00,2,493.9868513253239,0.0
2025-05-25 23:40:00,2,494.6106774912091,0.0
2025-05-25 23:50:00,2,495.3047936634838,0.0
2025-05-26 00:00:00,2,496.1080326539745,0.0
2025-05-26 00:10:00,2,496.72303188371325,0.0
2025-05-26 00:20:00,2,497.48913639213606,0.0
2025-05-26 00:30:00,2,497.7748293449615,0.0
2025-05-26 00:40:00,2,498.36141306765944,0.0
2025-05-26 00:50:00,2,499.09967784176763,0.0
2025-05-26 01:00:00,2,499.3728229627237,0.0
2025-05-26 01:10:00,2,499.7758803383184,0.0
2025-05-26 01:20:00,2,500.16912684911205,0.0
2025-05-26 01:30:00,2,500.5712029759885,0.0
2025-05-26 01:40:00,2,500.99308755719443,0.0
2025-05-26 01:50:00,2,502.06685863766927,0.0
2025-05-26 02:00:00,2,502.597434505865,0.0
2025-05-26 02:10:00,2,502.95814213783433,0.0
2025-05-26 02:20:00,2,503.5326166637233,0.0
2025-05-26 02:30:00,2,504.56830725985435,0.0
2025-05-26 02:40:00,2,505.11838781132826,0.0
2025-05-26 02:50:00,2,505.6537841900105,0.0
2025-05-26 03:00:00,2,506.0479906340224,0.0
2025-05-26 03:10:00,2,506.6041549353884,0.0
2025-05-26 03:20:00,2,506.9894358021671,0.0
2025-05-26 03:30:00,2,507.5516085234377,0.0
2025-05-26 03:40:00,2,508.30808468387244,0.0
2025-05-26 03:50:00,2,508.8284808864111,0.0
2025-05-26 04:00:00,2,509.2639385845323,0.0
2025-05-26 04:10:00,2,510.45985140386836,0.0
2025-05-26 04:20:00,2,510.7246378424178,0.0
2025-05-26 04:30:00,2,511.1846115237606,0.0
2025-05-26 04:40:00,2,511.62994101290474,0.0
2025-05-26 04:50:00,2,512.0939403421405,0.0
2025-05-26 05:00:00,2,512.6589044805437,0.0
2025-05-26 05:10:00,2,513.0720385962643,0.0
2025-05-26 05:20:00,2,513.8391149471308,0.0
2025-05-26 05:30:00,2,514.8139105645397,0.0
2025-05-26 05:40:00,2,515.089665320153,0.0
2025-05-26 05:50:00,2,515.6733030921336,0.0
2025-05-26 06:00:00,2,516.4184813138575,0.0
2025-05-26 06:10:00,2,516.9581591426908,0.0
2025-05-26 06:20:00,2,517.5212296501346,0.0
2025-05-26 06:30:00,2,518.0311239865929,0.0
2025-05-26 06:40:00,2,518.6141766090592,0.0
2025-05-26 06:50:00,2,519.1639919598376,0.0
2025-05-26 07:00:00,2,519.5714517899572,0.0
2025-05-26 07:10:00,2,520.1482069517348,0.0
2025-05-26 07:20:00,2,521.0393603794254,0.0
2025-05-26 07:30:00,2,521.6785681910155,0.0
2025-05-26 07:40:00,2,522.228506557387,0.0
2025-05-26 07:50:00,2,522.7003070521599,0.0
2025-05-26 08:00:00,2,523.1172229670578,0.0
2025-05-26 08:10:00,2,523.5775434423206,0.0
2025-05-26 08:20:00,2,523.9932556439617,0.0
2025-05-26 08:30:00,2,524.5921747147567,0.0
2025-05-26 08:40:00,2,525.0301405629929,0.0
2025-05-26 08:50:00,2,525.4361047082899,0.0
2025-05-26 09:00:00,2,525.9017305472097,0.0
2025-05-26 09:10:00,2,526.3718284142923,0.0
2025-05-26 09:20:00,2,526.833850148294,0.0
2025-05-26 09:30:00,2,527.2950224381434,0.0
2025-05-26 09:40:00,2,527.700606805113,0.0
2025-05-26 09:50:00,2,528.1662326440328,0.0
2025-05-26 10:00:00,2,528.656383939743,0.0
2025-05-26 10:10:00,2,529.3540511747698,0.0
2025-05-26 10:20:00,2,529.8196890621385,0.0
2025-05-26 10:30:00,2,530.3144448187343,0.0
2025-05-26 10:40:00,2,530.9178359176921,0.0
2025-05-26 10:50:00,2,531.2896786273682,0.0
2025-05-26 11:00:00,2,531.7856852507633,0.0
2025-05-26 11:10:00,2,532.4433581607825,0.0
2025-05-26 11:20:00,2,533.3476893240736,0.0
2025-05-26 11:30:00,2,533.808460288431,0.0
2025-05-26 11:40:00,2,534.3695449227141,0.0
2025-05-26 11:50:00,2,534.7337948568821,0.0
2025-05-26 12:00:00,2,535.1646849599065,0.0
2025-05-26 12:10:00,2,535.7582986670444,0.0
2025-05-26 12:20:00,2,536.0165499000258,0.0
2025-05-26 12:30:00,2,536.3305217811885,0.0
2025-05-26 12:40:00,2,536.6101725530602,0.0
2025-05-26 12:50:00,2,536.9281700821158,0.0
2025-05-26 13:00:00,2,537.2214685467774,0.0
2025-05-26 13:10:00,2,537.5000327273791,0.0
2025-05-26 13:20:00,2,537.8170374245071,0.0
2025-05-26 13:30:00,2,538.1348175074588,0.0
2025-05-26 13:40:00,2,538.3757135264451,0.0
2025-05-26 13:50:00,2,538.6291181760726,0.0
2025-05-26 14:00:00,2,538.8869948538628,0.0
2025-05-26 14:10:00,2,539.1423858153722,0.0
2025-05-26 14:20:00,2,539.4018667267742,0.0
2025-05-26 14:30:00,2,539.655749545892,0.0
2025-05-26 14:40:00,2,539.9008492365074,0.0
2025-05-26 14:50:00,2,540.1612950757508,0.0
2025-05-26 15:00:00,2,540.4440263733375,0.0
2025-05-26 15:10:00,2,540.8259463638936,0.0
2025-05-26 15:20:00,2,541.05843688785,0.0
2025-05-26 15:30:00,2,541.3131375939626,0.0
2025-05-26 15:40:00,2,541.53864057475,0.0
2025-05-26 15:50:00,2,541.7983188182659,0.0
2025-05-26 16:00:00,2,542.0434461760176,0.0
2025-05-26 16:10:00,2,542.2803501464248,0.0
2025-05-26 16:20:00,2,542.518596061733,0.0
2025-05-26 16:30:00,2,542.7203104711962,0.0
2025-05-26 16:40:00,2,542.9600793502898,0.0
2025-05-26 16:50:00,2,543.1765146230017,0.0
2025-05-26 17:00:00,2,543.3757964715982,0.0
2025-05-26 17:10:00,2,543.6248707062523,0.0
2025-05-26 17:20:00,2,543.895242139452,0.0
2025-05-26 17:30:00,2,544.1825778979241,0.0
2025-05-26 17:40:00,2,544.5686163599477,0.0
2025-05-26 17:50:00,2,545.0718400988261,0.0
2025-05-26 18:00:00,2,545.3039696783287,0.0
2025-05-26 18:10:00,2,545.5455883398247,0.0
2025-05-26 18:20:00,2,545.7764378389397,0.0
2025-05-26 18:30:00,2,546.0078217845195,0.0
2025-05-26 18:40:00,2,546.2443188524682,0.0
2025-05-26 18:50:00,2,546.4699364799828,0.0
2025-05-26 19:00:00,2,546.7139124068372,0.0
2025-05-26 19:10:00,2,546.8939828836689,0.0
2025-05-26 19:20:00,2,547.1340797405107,0.0
2025-05-26 19:30:00,2,547.3625185164843,0.0
2025-05-26 19:40:00,2,547.6068095986642,0.0
2025-05-26 19:50:00,2,547.8186237355696,0.0
2025-05-26 20:00:00,2,547.9895166965397,0.0
2025-05-26 20:10:00,2,548.0475310957012,0.0
2025-05-26 20:20:00,2,548.2655642705205,0.0
2025-05-26 20:30:00,2,548.3077826861156,0.0
2025-05-26 20:40:00,2,548.5846927521304,0.0
2025-05-26 20:50:00,2,548.7290884371022,0.0
2025-05-26 21:00:00,2,549.009904489878,0.0
2025-05-26 21:10:00,2,549.1480094529422,0.0
2025-05-26 21:20:00,2,549.2255306933068,0.0
2025-05-26 21:30:00,2,549.4323579611937,0.0
2025-05-26 21:40:00,2,549.4776429390117,0.0
2025-05-26 21:50:00,2,549.5337851694824,0.0
2025-05-26 22:00:00,2,549.6056467869979,0.0
2025-05-26 22:10:00,2,549.6788804292307,0.0
2025-05-26 22:20:00,2,549.7381072504207,0.0
2025-05-26 22:30:00,2,549.8274282814199,0.0
2025-05-26 22:40:00,2,549.9049537513384,0.0
2025-05-26 22:50:00,2,549.9920324932294,0.0
2025-05-26 23:00:00,2,550.0552431976648,0.0
2025-05-26 23:10:00,2,550.1184539021002,0.0
2025-05-26 23:20:00,2,550.2285356519624,0.0
2025-05-26 23:30:00,2,550.2927919163828,0.0
2025-05-26 23:40:00,2,550.37878511402,0.0
2025-05-26 23:50:00,2,550.4552324960284,0.0
2025-05-27 00:00:00,2,550.5228967495342,0.0
2025-05-27 00:10:00,2,550.6717848744828,0.0
2025-05-27 00:20:00,2,551.3976901010886,0.0
2025-05-27 00:30:00,2,551.573725012158,0.0
2025-05-27 00:40:00,2,551.9698068280763,0.0
2025-05-27 00:50:00,2,552.2685960564083,0.0
2025-05-27 01:00:00,2,552.5845122045137,0.0
2025-05-27 01:10:00,2,552.8392142479556,0.0
2025-05-27 01:20:00,2,553.1256920586101,0.0
2025-05-27 01:30:00,2,553.4658709486058,0.0
2025-05-27 01:40:00,2,553.7682838104047,0.0
2025-05-27 01:50:00,2,554.0809589281005,0.0
2025-05-27 02:00:00,2,554.3934724596395,0.0
2025-05-27 02:10:00,2,554.7380782729086,0.0
2025-05-27 02:20:00,2,555.0459200632067,0.0
2025-05-27 02:30:00,2,555.3588133730731,0.0
2025-05-27 02:40:00,2,555.6696715369859,0.0
2025-05-27 02:50:00,2,555.9829749205825,0.0
2025-05-27 03:00:00,2,556.3216315667972,0.0
2025-05-27 03:10:00,2,556.6339269061657,0.0
2025-05-27 03:20:00,2,556.9227048329718,0.0
2025-05-27 03:30:00,2,557.2121664696446,0.0
2025-05-27 03:40:00,2,557.5504544319696,0.0
2025-05-27 03:50:00,2,558.1043765721504,0.0
2025-05-27 04:00:00,2,558.3792384428215,0.0
2025-05-27 04:10:00,2,558.638937996271,0.0
2025-05-27 04:20:00,2,558.9630513168493,0.0
2025-05-27 04:30:00,2,559.3144700247944,0.0
2025-05-27 04:40:00,2,560.3733411892658,0.0
2025-05-27 04:50:00,2,560.8442277991293,0.0
2025-05-27 05:00:00,2,561.5394530557572,0.0
2025-05-27 05:10:00,2,562.1751906076609,0.0
2025-05-27 05:20:00,2,562.6996476856117,0.0
2025-05-27 05:30:00,2,563.3281939013917,0.0
2025-05-27 05:40:00,2,563.7786894317792,0.0
2025-05-27 05:50:00,2,564.1887458269117,0.0
2025-05-27 06:00:00,2,564.6572726617593,0.0
2025-05-27 06:10:00,2,565.0632368070563,0.0
2025-05-27 06:20:00,2,565.554692160486,0.0
2025-05-27 06:30:00,2,566.3202824154038,0.0
2025-05-27 06:40:00,2,566.8832976734556,0.0
2025-05-27 06:50:00,2,567.2937338469154,0.0
2025-05-27 07:00:00,2,567.7139180767193,0.0
2025-05-27 07:10:00,2,568.3176889540044,0.0
2025-05-27 07:20:00,2,568.7832850324791,0.0
2025-05-27 07:30:00,2,569.3986653397671,0.0
2025-05-27 07:40:00,2,569.8607703001576,0.0
2025-05-27 07:50:00,2,570.353795784909,0.0
2025-05-27 08:00:00,2,571.1068856425244,0.0
2025-05-27 08:10:00,2,571.5705607342367,0.0
2025-05-27 08:20:00,2,571.977351087359,0.0
2025-05-27 08:30:00,2,572.354145434363,0.0
2025-05-27 08:40:00,2,572.7480626031336,0.0
2025-05-27 08:50:00,2,573.2181311347404,0.0
2025-05-27 09:00:00,2,573.8290394138656,0.0
2025-05-27 09:10:00,2,574.2921093020976,0.0
2025-05-27 09:20:00,2,574.8955004010554,0.0
2025-05-27 09:30:00,2,575.1919703754508,0.0
2025-05-27 09:40:00,2,575.5357994124995,0.0
2025-05-27 09:50:00,2,575.8741635894579,0.0
2025-05-27 10:00:00,2,576.2076944390186,0.0
2025-05-27 10:10:00,2,576.5180876543443,0.0
2025-05-27 10:20:00,2,576.8290660191841,0.0
2025-05-27 10:30:00,2,577.1713947386855,0.0
2025-05-27 10:40:00,2,577.6055927528862,0.0
2025-05-27 10:50:00,2,578.0598822947275,0.0
2025-05-27 11:00:00,2,578.3125661184346,0.0
2025-05-27 11:10:00,2,578.569728875033,0.0
2025-05-27 11:20:00,2,578.8537130771556,0.0
2025-05-27 11:30:00,2,579.3139937710066,0.0
2025-05-27 11:40:00,2,579.5312237949336,0.0
2025-05-27 11:50:00,2,579.8832960996541,0.0
2025-05-27 12:00:00,2,580.2889628115769,0.0
2025-05-27 12:10:00,2,580.6419183259073,0.0
2025-05-27 12:20:00,2,580.989312034114,0.0
2025-05-27 12:30:00,2,582.1779230844246,0.0
2025-05-27 12:40:00,2,583.0812840796295,0.0
2025-05-27 12:50:00,2,583.6153414288846,0.0
2025-05-27 13:00:00,2,584.0464741187714,0.0
2025-05-27 13:10:00,2,584.5909602862655,0.0
2025-05-27 13:20:00,2,585.1039360791533,0.0
2025-05-27 13:30:00,2,585.9221584766047,0.0
2025-05-27 13:40:00,2,586.7103390024768,0.0
2025-05-27 13:50:00,2,586.876024146969,0.0
2025-05-27 14:00:00,2,587.2611670261019,0.0
2025-05-27 14:10:00,2,587.8777655378094,0.0
2025-05-27 14:20:00,2,588.1772695475703,0.0
2025-05-27 14:30:00,2,588.6217561478151,0.0
2025-05-27 14:40:00,2,589.4051792926069,0.0
2025-05-27 14:50:00,2,589.8184883831387,0.0
2025-05-27 15:00:00,2,590.1706743488429,0.0
2025-05-27 15:10:00,2,590.6059321483734,0.0
2025-05-27 15:20:00,2,591.0311137221996,0.0
2025-05-27 15:30:00,2,591.6288312022077,0.0
2025-05-27 15:40:00,2,592.0485481389179,0.0
2025-05-27 15:50:00,2,592.4022112435136,0.0
2025-05-27 16:00:00,2,592.7673861542041,0.0
2025-05-27 16:10:00,2,593.1877692094471,0.0
2025-05-27 16:20:00,2,593.5562197920216,0.0
2025-05-27 16:30:00,2,594.7066083218749,0.0
2025-05-27 16:40:00,2,595.3106110966286,0.0
2025-05-27 16:50:00,2,595.8605461282999,0.0
2025-05-27 17:00:00,2,596.533739071315,0.0
2025-05-27 17:10:00,2,597.1991588721615,0.0
2025-05-27 17:20:00,2,598.0433817528786,0.0
2025-05-27 17:30:00,2,598.902976918754,0.0
2025-05-27 17:40:00,2,599.6916253543136,0.0
2025-05-27 17:50:00,2,600.4826318415418,0.0
2025-05-27 18:00:00,2,601.5416832488321,0.0
2025-05-27 18:10:00,2,602.7836479186743,0.0
2025-05-27 18:20:00,2,603.6212315511001,0.0
2025-05-27 18:30:00,2,604.1585266965874,0.0
2025-05-27 18:40:00,2,604.5555628127718,0.0
2025-05-27 18:50:00,2,605.122472130901,0.0
2025-05-27 19:00:00,2,605.6748828056265,0.0
2025-05-27 19:10:00,2,605.8939120537907,0.0
2025-05-27 19:20:00,2,606.4617116721149,0.0
2025-05-27 19:30:00,2,607.4656119180104,0.0
2025-05-27 19:40:00,2,608.0245208197184,0.0
2025-05-27 19:50:00,2,609.134533364099,0.0
2025-05-27 20:00:00,2,610.4309698204354,0.0
2025-05-27 20:10:00,2,611.5625636365418,0.0
2025-05-27 20:20:00,2,611.9600162504697,0.0
2025-05-27 20:30:00,2,612.8363509087991,0.0
2025-05-27 20:40:00,2,613.1237988046481,0.0
2025-05-27 20:50:00,2,613.5590183773274,0.0
2025-05-27 21:00:00,2,614.177453099538,0.0
2025-05-27 21:10:00,2,614.6154612074212,0.0
2025-05-27 21:20:00,2,615.2338959296317,0.0
2025-05-27 21:30:00,2,615.6286780804719,0.0
2025-05-27 21:40:00,2,616.0512344869032,0.0
2025-05-27 21:50:00,2,616.7006893478613,0.0
2025-05-27 22:00:00,2,617.5066210081978,0.0
2025-05-27 22:10:00,2,618.3180696062693,0.0
2025-05-27 22:20:00,2,619.110517726004,0.0
2025-05-27 22:30:00,2,619.6023091581873,0.0
2025-05-27 22:40:00,2,620.0762994675638,0.0
2025-05-27 22:50:00,2,621.3272065577784,0.0
2025-05-27 23:00:00,2,621.9115744511372,0.0
2025-05-27 23:10:00,2,622.3317842659715,0.0
2025-05-27 23:20:00,2,622.7379242602002,0.0
2025-05-27 23:30:00,2,623.1440642544289,0.0
2025-05-27 23:40:00,2,623.5602002985202,0.0
2025-05-27 23:50:00,2,624.0909176076792,0.0
2025-05-28 00:00:00,2,624.5066738734431,0.0
2025-05-28 00:10:00,2,625.0561568467713,0.0
2025-05-28 00:20:00,2,625.8063920657038,0.0
2025-05-28 00:30:00,2,626.3704333614437,0.0
2025-05-28 00:40:00,2,627.130877246448,0.0
2025-05-28 00:50:00,2,627.6786040330352,0.0
2025-05-28 01:00:00,2,628.2328708799748,0.0
2025-05-28 01:10:00,2,628.6699097967069,0.0
2025-05-28 01:20:00,2,629.3891364906078,0.0
2025-05-28 01:30:00,2,630.0920653126393,0.0
2025-05-28 01:40:00,2,630.6024645224629,0.0
2025-05-28 01:50:00,2,631.2955285631144,0.0
2025-05-28 02:00:00,2,631.6651423836009,0.0
2025-05-28 02:10:00,2,632.3752747688566,0.0
2025-05-28 02:20:00,2,632.8827273062203,0.0
2025-05-28 02:30:00,2,633.3806948405313,0.0
2025-05-28 02:40:00,2,633.7252045025117,0.0
2025-05-28 02:50:00,2,634.1903716913343,0.0
2025-05-28 03:00:00,2,634.6755835639595,0.0
2025-05-28 03:10:00,2,635.3740944336896,0.0
2025-05-28 03:20:00,2,636.6248030668899,0.0
2025-05-28 03:30:00,2,637.2888677495525,0.0
2025-05-28 03:40:00,2,637.7377562496505,0.0
2025-05-28 03:50:00,2,638.0883080711155,0.0
2025-05-28 04:00:00,2,638.553061379321,0.0
2025-05-28 04:10:00,2,639.0314707600762,0.0
2025-05-28 04:20:00,2,639.8890036284133,0.0
2025-05-28 04:30:00,2,640.3155953642697,0.0
2025-05-28 04:40:00,2,640.6035346688008,0.0
2025-05-28 04:50:00,2,640.9689764184312,0.0
2025-05-28 05:00:00,2,641.3690298038905,0.0
2025-05-28 05:10:00,2,641.69525318436,0.0
2025-05-28 05:20:00,2,642.0868234004366,0.0
2025-05-28 05:30:00,2,642.501720071473,0.0
2025-05-28 05:40:00,2,642.8161676207777,0.0
2025-05-28 05:50:00,2,643.2077378368543,0.0
2025-05-28 06:00:00,2,643.5392665809809,0.0
2025-05-28 06:10:00,2,643.8634390242631,0.0
2025-05-28 06:20:00,2,644.1876114675454,0.0
2025-05-28 06:30:00,2,644.5117839108276,0.0
2025-05-28 06:40:00,2,644.8530607112982,0.0
2025-05-28 06:50:00,2,645.4581015198302,0.0
2025-05-28 07:00:00,2,646.0407666262665,0.0
2025-05-28 07:10:00,2,646.4197091965917,0.0
2025-05-28 07:20:00,2,646.7601635179515,0.0
2025-05-28 07:30:00,2,647.1606593112614,0.0
2025-05-28 07:40:00,2,647.4970213827856,0.0
2025-05-28 07:50:00,2,647.8889713771897,0.0
2025-05-28 08:00:00,2,648.2413149961886,0.0
2025-05-28 08:10:00,2,649.0422090930633,0.0
2025-05-28 08:20:00,2,649.4120008050076,0.0
2025-05-28 08:30:00,2,649.8128763766448,0.0
2025-05-28 08:40:00,2,650.1488586698417,0.0
2025-05-28 08:50:00,2,650.4896927695288,0.0
2025-05-28 09:00:00,2,650.8763374002758,0.0
2025-05-28 09:10:00,2,651.3017980939884,0.0
2025-05-28 09:20:00,2,652.275386308617,0.0
2025-05-28 09:30:00,2,652.5184447846875,0.0
2025-05-28 09:40:00,2,653.3110897636524,0.0
2025-05-28 09:50:00,2,653.6919059448154,0.0
2025-05-28 10:00:00,2,654.0398795645514,0.0
2025-05-28 10:10:00,2,654.6265591951488,0.0
2025-05-28 10:20:00,2,654.9507606631432,0.0
2025-05-28 10:30:00,2,655.3414790646333,0.0
2025-05-28 10:40:00,2,655.6836032959865,0.0
2025-05-28 10:50:00,2,655.9589706178512,0.0
2025-05-28 11:00:00,2,656.2677425466208,0.0
2025-05-28 11:10:00,2,657.0687008028058,0.0
2025-05-28 11:20:00,2,657.356061505013,0.0
2025-05-28 11:30:00,2,657.8728493134261,0.0
2025-05-28 11:40:00,2,658.3995947686442,0.0
2025-05-28 11:50:00,2,658.6854377210508,0.0
2025-05-28 12:00:00,2,658.9021748000712,0.0
2025-05-28 12:10:00,2,659.2071832099988,0.0
2025-05-28 12:20:00,2,659.4040039883425,0.0
2025-05-28 12:30:00,2,659.6753054844706,0.0
2025-05-28 12:40:00,2,659.8606178815195,0.0
2025-05-28 12:50:00,2,660.0459302785683,0.0
2025-05-28 13:00:00,2,660.2386713982271,0.0
2025-05-28 13:10:00,2,660.3894616438984,0.0
2025-05-28 13:20:00,2,660.5513110231925,0.0
2025-05-28 13:30:00,2,660.713540180814,0.0
2025-05-28 13:40:00,2,660.8824370672651,0.0
2025-05-28 13:50:00,2,661.1136002690463,0.0
2025-05-28 14:00:00,2,661.2923614763502,0.0
2025-05-28 14:10:00,2,661.459044183042,0.0
2025-05-28 14:20:00,2,661.6142879777836,0.0
2025-05-28 14:30:00,2,661.7860278621525,0.0
2025-05-28 14:40:00,2,662.0111084846183,0.0
2025-05-28 14:50:00,2,662.1803851493967,0.0
2025-05-28 15:00:00,2,662.4223775998722,0.0
2025-05-28 15:10:00,2,662.6188297539135,0.0
2025-05-28 15:20:00,2,663.127147951972,0.0
2025-05-28 15:30:00,2,663.30301512205,0.0
2025-05-28 15:40:00,2,663.5994022380945,0.0
2025-05-28 15:50:00,2,663.8171576249389,0.0
2025-05-28 16:00:00,2,664.0110158208936,0.0
2025-05-28 16:10:00,2,664.2186140375908,0.0
2025-05-28 16:20:00,2,664.3739101387729,0.0
2025-05-28 16:30:00,2,664.529206239955,0.0
2025-05-28 16:40:00,2,664.7080197536994,0.0
2025-05-28 16:50:00,2,664.8757196946733,0.0
2025-05-28 17:00:00,2,665.0680191369261,0.0
2025-05-28 17:10:00,2,665.2233152381082,0.0
2025-05-28 17:20:00,2,665.3786113392903,0.0
2025-05-28 17:30:00,2,665.563223108274,0.0
2025-05-28 17:40:00,2,665.7666623075191,0.0
2025-05-28 17:50:00,2,665.9770139080565,0.0
2025-05-28 18:00:00,2,666.1758816849278,0.0
2025-05-28 18:10:00,2,666.3804286898302,0.0
2025-05-28 18:20:00,2,666.5728547222209,0.0
2025-05-28 18:30:00,2,666.7644416731309,0.0
2025-05-28 18:40:00,2,666.9386168772263,0.0
2025-05-28 18:50:00,2,667.0753627765781,0.0
2025-05-28 19:00:00,2,667.2453407811917,0.0
2025-05-28 19:10:00,2,667.4176215147993,0.0
2025-05-28 19:20:00,2,667.5619088170813,0.0
2025-05-28 19:30:00,2,667.7208825535962,0.0
2025-05-28 19:40:00,2,667.8953951368022,0.0
2025-05-28 19:50:00,2,668.0477144977365,0.0
2025-05-28 20:00:00,2,668.2192581017199,0.0
2025-05-28 20:10:00,2,668.4912813142618,0.0
2025-05-28 20:20:00,2,668.6676881904212,0.0
2025-05-28 20:30:00,2,668.8433487807869,0.0
2025-05-28 20:40:00,2,669.0186295928252,0.0
2025-05-28 20:50:00,2,669.1842228960031,0.0
2025-05-28 21:00:00,2,669.359557277405,0.0
2025-05-28 21:10:00,2,669.5770915674744,0.0
2025-05-28 21:20:00,2,669.7355361620116,0.0
2025-05-28 21:30:00,2,669.8771510353974,0.0
2025-05-28 21:40:00,2,670.0129428435934,0.0
2025-05-28 21:50:00,2,670.184549878452,0.0
2025-05-28 22:00:00,2,670.3336705081317,0.0
2025-05-28 22:10:00,2,670.4959035044019,0.0
2025-05-28 22:20:00,2,670.6656901325898,0.0
2025-05-28 22:30:00,2,670.7233621546773,0.0
2025-05-28 22:40:00,2,670.7587814839032,0.0
2025-05-28 22:50:00,2,670.9934961848497,0.0
2025-05-28 23:00:00,2,671.2640755615837,0.0
2025-05-28 23:10:00,2,671.5983383864983,0.0
2025-05-28 23:20:00,2,671.7469932362062,0.0
2025-05-28 23:30:00,2,671.9365518220307,0.0
2025-05-28 23:40:00,2,672.1144680781464,0.0
2025-05-28 23:50:00,2,672.2856566403491,0.0
2025-05-29 00:00:00,2,672.4422243533306,0.0
2025-05-29 00:10:00,2,672.5866888460354,0.0
2025-05-29 00:20:00,2,672.7558191143661,0.0
2025-05-29 00:30:00,2,672.9086514956036,0.0
2025-05-29 00:40:00,2,673.0643083956664,0.0
2025-05-29 00:50:00,2,673.2248171022194,0.0
2025-05-29 01:00:00,2,673.384946030445,0.0
2025-05-29 01:10:00,2,673.5334326289619,0.0
2025-05-29 01:20:00,2,673.7046210360887,0.0
2025-05-29 01:30:00,2,673.9365988313946,0.0
2025-05-29 01:40:00,2,674.0504417933324,0.0
2025-05-29 01:50:00,2,674.0523614239338,0.0
2025-05-29 02:00:00,2,674.0410781485411,0.0
2025-05-29 02:10:00,2,674.0108617365298,0.0
2025-05-29 02:20:00,2,673.9638758968783,0.0
2025-05-29 02:30:00,2,673.9837686178561,0.0
2025-05-29 02:40:00,2,675.0798234235023,0.0
2025-05-29 02:50:00,2,675.6199595390474,0.0
2025-05-29 03:00:00,2,676.2183609746063,0.0
2025-05-29 03:10:00,2,676.6583107680865,0.0
2025-05-29 03:20:00,2,677.1160941381092,0.0
2025-05-29 03:30:00,2,677.4431950134671,0.0
2025-05-29 03:40:00,2,677.8011763814105,0.0
2025-05-29 03:50:00,2,678.505701568627,0.0
2025-05-29 04:00:00,2,679.7624819855073,0.0
2025-05-29 04:10:00,2,680.532398168813,0.0
2025-05-29 04:20:00,2,681.059980985646,0.0
2025-05-29 04:30:00,2,681.4820493347047,0.0
2025-05-29 04:40:00,2,682.5815501981023,0.0
2025-05-29 04:50:00,2,683.3573107840101,0.0
2025-05-29 05:00:00,2,683.6847393664934,0.0
2025-05-29 05:10:00,2,684.233364236541,0.0
2025-05-29 05:20:00,2,684.7961068740219,0.0
2025-05-29 05:30:00,2,685.3447317440695,0.0
2025-05-29 05:40:00,2,685.9329696335367,0.0
2025-05-29 05:50:00,2,686.8125212474785,0.0
2025-05-29 06:00:00,2,687.1076608680546,0.0
2025-05-29 06:10:00,2,687.4676822280111,0.0
2025-05-29 06:20:00,2,687.9982014067767,0.0
2025-05-29 06:30:00,2,688.7512873146223,0.0
2025-05-29 06:40:00,2,689.4750684595333,0.0
2025-05-29 06:50:00,2,689.894393057981,0.0
2025-05-29 07:00:00,2,690.436820183687,0.0
2025-05-29 07:10:00,2,690.9962204330739,0.0
2025-05-29 07:20:00,2,692.0274090714975,0.0
2025-05-29 07:30:00,2,692.2778105068808,0.0
2025-05-29 07:40:00,2,693.0283181164357,0.0
2025-05-29 07:50:00,2,693.6084785386875,0.0
2025-05-29 08:00:00,2,694.4345666324949,0.0
2025-05-29 08:10:00,2,695.4819090191376,0.0
2025-05-29 08:20:00,2,695.7180894343937,0.0
2025-05-29 08:30:00,2,696.0886356533589,0.0
2025-05-29 08:40:00,2,696.4648805446479,0.0
2025-05-29 08:50:00,2,697.0028211814476,0.0
2025-05-29 09:00:00,2,697.3653429682965,0.0
2025-05-29 09:10:00,2,697.7152346510594,0.0
2025-05-29 09:20:00,2,698.0676517724182,0.0
2025-05-29 09:30:00,2,698.4316132757865,0.0
2025-05-29 09:40:00,2,698.9579615837489,0.0
2025-05-29 09:50:00,2,699.7339409825826,0.0
2025-05-29 10:00:00,2,700.503285042979,0.0
2025-05-29 10:10:00,2,701.6138281084378,0.0
2025-05-29 10:20:00,2,702.3575352511021,0.0
2025-05-29 10:30:00,2,703.636238928149,0.0
2025-05-29 10:40:00,2,703.8007783359956,0.0
2025-05-29 10:50:00,2,704.395746445594,0.0
2025-05-29 11:00:00,2,705.0205438669743,0.0
2025-05-29 11:10:00,2,706.0826056290383,0.0
2025-05-29 11:20:00,2,706.7086046502335,0.0
2025-05-29 11:30:00,2,707.0826671742855,0.0
2025-05-29 11:40:00,2,707.6600131142447,0.0
2025-05-29 11:50:00,2,708.0302778701089,0.0
2025-05-29 12:00:00,2,708.6534440509577,0.0
2025-05-29 12:10:00,2,709.7191972609614,0.0
2025-05-29 12:20:00,2,710.813217914626,0.0
2025-05-29 12:30:00,2,711.4075515468005,0.0
2025-05-29 12:40:00,2,711.8942979530719,0.0
2025-05-29 12:50:00,2,713.1422236973508,0.0
2025-05-29 13:00:00,2,713.7618443701607,0.0
2025-05-29 13:10:00,2,714.4370826813689,0.0
2025-05-29 13:20:00,2,715.4108164289195,0.0
2025-05-29 13:30:00,2,716.0507599802843,0.0
2025-05-29 13:40:00,2,716.4723758288372,0.0
2025-05-29 13:50:00,2,717.3233790134286,0.0
2025-05-29 14:00:00,2,717.7994862842613,0.0
2025-05-29 14:10:00,2,718.6346395692308,0.0
2025-05-29 14:20:00,2,719.265600879799,0.0
2025-05-29 14:30:00,2,719.9067586581659,0.0
2025-05-29 14:40:00,2,720.8260581000245,0.0
2025-05-29 14:50:00,2,721.4228353540213,0.0
2025-05-29 15:00:00,2,721.8908119054817,0.0
2025-05-29 15:10:00,2,722.3337189333774,0.0
2025-05-29 15:20:00,2,723.1189791270864,0.0
2025-05-29 15:30:00,2,723.7034729931626,0.0
2025-05-29 15:40:00,2,724.2093969777096,0.0
2025-05-29 15:50:00,2,725.3351691737661,0.0
2025-05-29 16:00:00,2,726.2372687635191,0.0
2025-05-29 16:10:00,2,727.5263308825832,0.0
2025-05-29 16:20:00,2,728.0301473881043,0.0
2025-05-29 16:30:00,2,728.6324825199736,0.0
2025-05-29 16:40:00,2,729.2292597739704,0.0
2025-05-29 16:50:00,2,729.7366266919171,0.0
2025-05-29 17:00:00,2,730.8384833680508,0.0
2025-05-29 17:10:00,2,731.50873552246,0.0
2025-05-29 17:20:00,2,731.9662703092706,0.0
2025-05-29 17:30:00,2,732.609786139306,0.0
2025-05-29 17:40:00,2,733.7142584766153,0.0
2025-05-29 17:50:00,2,734.3605534143899,0.0
2025-05-29 18:00:00,2,735.2764227653034,0.0
2025-05-29 18:10:00,2,735.8732000193003,0.0
2025-05-29 18:20:00,2,736.3321745226302,0.0
2025-05-29 18:30:00,2,736.9299167044686,0.0
2025-05-29 18:40:00,2,737.7766277488585,0.0
2025-05-29 18:50:00,2,738.1941048921573,0.0
2025-05-29 19:00:00,2,738.6435580739418,0.0
2025-05-29 19:10:00,2,739.057680876491,0.0
2025-05-29 19:20:00,2,739.6296561298067,0.0
2025-05-29 19:30:00,2,740.0931791321966,0.0
2025-05-29 19:40:00,2,740.663714668993,0.0
2025-05-29 19:50:00,2,741.0788023993837,0.0
2025-05-29 20:00:00,2,741.9132300558529,0.0
2025-05-29 20:10:00,2,742.3307071991517,0.0
2025-05-29 20:20:00,2,742.9725704619927,0.0
2025-05-29 20:30:00,2,744.1043663204005,0.0
2025-05-29 20:40:00,2,744.9930532447995,0.0
2025-05-29 20:50:00,2,745.3875746825368,0.0
2025-05-29 21:00:00,2,745.9703936072538,0.0
2025-05-29 21:10:00,2,746.4095211875627,0.0
2025-05-29 21:20:00,2,746.9845102734294,0.0
2025-05-29 21:30:00,2,747.6117097225165,0.0
2025-05-29 21:40:00,2,748.7374034936752,0.0
2025-05-29 21:50:00,2,749.3711798186893,0.0
2025-05-29 22:00:00,2,750.2164511465597,0.0
2025-05-29 22:10:00,2,750.6095328677776,0.0
2025-05-29 22:20:00,2,751.0279959617407,0.0
2025-05-29 22:30:00,2,751.8654374507609,0.0
2025-05-29 22:40:00,2,752.2934254694251,0.0
2025-05-29 22:50:00,2,753.1797195109782,0.0
2025-05-29 23:00:00,2,754.3071926308569,0.0
2025-05-29 23:10:00,2,754.939706138983,0.0
2025-05-29 23:20:00,2,755.5191672530125,0.0
2025-05-29 23:30:00,2,756.098628367042,0.0
2025-05-29 23:40:00,2,756.5843658708011,0.0
2025-05-29 23:50:00,2,757.6860178416997,0.0
2025-05-30 00:00:00,2,758.1371459784422,0.0
2025-05-30 00:10:00,2,758.5780296755773,0.0
2025-05-30 00:20:00,2,759.9418816571377,0.0
2025-05-30 00:30:00,2,760.848523861173,0.0
2025-05-30 00:40:00,2,761.293198185205,0.0
2025-05-30 00:50:00,2,761.8569984825878,0.0
2025-05-30 01:00:00,2,762.6946174990642,0.0
2025-05-30 01:10:00,2,763.8402118521384,0.0
2025-05-30 01:20:00,2,764.4453243190364,0.0
2025-05-30 01:30:00,2,765.0060742933306,0.0
2025-05-30 01:40:00,2,765.4796340933104,0.0
2025-05-30 01:50:00,2,766.3121159503793,0.0
2025-05-30 02:00:00,2,767.3228667033114,0.0
2025-05-30 02:10:00,2,767.818550741255,0.0
2025-05-30 02:20:00,2,768.3741539575892,0.0
2025-05-30 02:30:00,2,769.1361973225089,0.0
2025-05-30 02:40:00,2,769.6001867383205,0.0
2025-05-30 02:50:00,2,770.3622301032402,0.0
2025-05-30 03:00:00,2,770.8883814265168,0.0
2025-05-30 03:10:00,2,771.3159665318433,0.0
2025-05-30 03:20:00,2,772.446282394177,0.0
2025-05-30 03:30:00,2,773.0087796176113,0.0
2025-05-30 03:40:00,2,773.4456111317452,0.0
2025-05-30 03:50:00,2,773.9712876663439,0.0
2025-05-30 04:00:00,2,774.7465551284981,0.0
2025-05-30 04:10:00,2,775.1206010504154,0.0
2025-05-30 04:20:00,2,775.6422803455292,0.0
2025-05-30 04:30:00,2,776.1684316688059,0.0
2025-05-30 04:40:00,2,776.7590424205785,0.0
2025-05-30 04:50:00,2,777.7433916035417,0.0
2025-05-30 05:00:00,2,778.079073380241,0.0
2025-05-30 05:10:00,2,778.463571465746,0.0
2025-05-30 05:20:00,2,778.9425713616681,0.0
2025-05-30 05:30:00,2,779.3225974190103,0.0
2025-05-30 05:40:00,2,779.7971437658622,0.0
2025-05-30 05:50:00,2,780.2948969112251,0.0
2025-05-30 06:00:00,2,781.2389765416981,0.0
2025-05-30 06:10:00,2,781.5995115645192,0.0
2025-05-30 06:20:00,2,781.9899519591495,0.0
2025-05-30 06:30:00,2,782.486265387993,0.0
2025-05-30 06:40:00,2,783.4461897796409,0.0
2025-05-30 06:50:00,2,783.8166248613738,0.0
2025-05-30 07:00:00,2,784.2941850407766,0.0
2025-05-30 07:10:00,2,784.666878968366,0.0
2025-05-30 07:20:00,2,785.9346740088869,0.0
2025-05-30 07:30:00,2,786.6849098163252,0.0
2025-05-30 07:40:00,2,787.0708508352299,0.0
2025-05-30 07:50:00,2,787.4563170654566,0.0
2025-05-30 08:00:00,2,788.1637592088988,0.0
2025-05-30 08:10:00,2,788.6492145371109,0.0
2025-05-30 08:20:00,2,789.6296882353216,0.0
2025-05-30 08:30:00,2,790.5995742004451,0.0
2025-05-30 08:40:00,2,791.797305246934,0.0
2025-05-30 08:50:00,2,792.4995232800983,0.0
2025-05-30 09:00:00,2,793.0407120130035,0.0
2025-05-30 09:10:00,2,793.7141804150397,0.0
2025-05-30 09:20:00,2,794.4125882253841,0.0
2025-05-30 09:30:00,2,795.5726064251318,0.0
2025-05-30 09:40:00,2,796.1647806090881,0.0
2025-05-30 09:50:00,2,796.5539299835278,0.0
2025-05-30 10:00:00,2,797.318331400116,0.0
2025-05-30 10:10:00,2,797.6992074018646,0.0
2025-05-30 10:20:00,2,798.0687997747115,0.0
2025-05-30 10:30:00,2,798.7106361564541,0.0
2025-05-30 10:40:00,2,799.6848007610322,0.0
2025-05-30 10:50:00,2,800.508356658966,0.0
2025-05-30 11:00:00,2,801.5339855220992,0.0
2025-05-30 11:10:00,2,802.3529855145512,0.0
2025-05-30 11:20:00,2,802.930749515405,0.0
2025-05-30 11:30:00,2,803.5049225386184,0.0
2025-05-30 11:40:00,2,804.3233412771447,0.0
2025-05-30 11:50:00,2,805.1468971750785,0.0
2025-05-30 12:00:00,2,805.9704530730123,0.0
2025-05-30 12:10:00,2,807.2149214412929,0.0
2025-05-30 12:20:00,2,807.5181771352434,0.0
2025-05-30 12:30:00,2,808.0892837158493,0.0
2025-05-30 12:40:00,2,808.9078711624752,0.0
2025-05-30 12:50:00,2,809.4377933088389,0.0
2025-05-30 13:00:00,2,809.9260831773832,0.0
2025-05-30 13:10:00,2,810.4143730459276,0.0
2025-05-30 13:20:00,2,810.7535898247561,0.0
2025-05-30 13:30:00,2,811.0853207428707,0.0
2025-05-30 13:40:00,2,811.5646850341819,0.0
2025-05-30 13:50:00,2,812.0859353108192,0.0
2025-05-30 14:00:00,2,812.875024814748,0.0
2025-05-30 14:10:00,2,813.3953101635437,0.0
2025-05-30 14:20:00,2,813.7369315867331,0.0
2025-05-30 14:30:00,2,814.41444721288,0.0
2025-05-30 14:40:00,2,814.7895070497202,0.0
2025-05-30 14:50:00,2,815.5973074862854,0.0
2025-05-30 15:00:00,2,816.1190325516005,0.0
2025-05-30 15:10:00,2,816.4596890469484,0.0
2025-05-30 15:20:00,2,816.9082875868717,0.0
2025-05-30 15:30:00,2,817.2633492442193,0.0
2025-05-30 15:40:00,2,817.9044999756985,0.0
2025-05-30 15:50:00,2,818.3830708531442,0.0
2025-05-30 16:00:00,2,819.0513422768702,0.0
2025-05-30 16:10:00,2,819.4751757213033,0.0
2025-05-30 16:20:00,2,820.6845767935092,0.0
2025-05-30 16:30:00,2,821.2424331107183,0.0
2025-05-30 16:40:00,2,821.9134031479477,0.0
2025-05-30 16:50:00,2,822.8600168454462,0.0
2025-05-30 17:00:00,2,823.3552336457681,0.0
2025-05-30 17:10:00,2,823.9215621399808,0.0
2025-05-30 17:20:00,2,824.4903830467094,0.0
2025-05-30 17:30:00,2,824.9060641915069,0.0
2025-05-30 17:40:00,2,825.3220521730084,0.0
2025-05-30 17:50:00,2,825.6834047802167,0.0
2025-05-30 18:00:00,2,826.5009549856587,0.0
2025-05-30 18:10:00,2,826.9553174119671,0.0
2025-05-30 18:20:00,2,828.2352886865921,0.0
2025-05-30 18:30:00,2,828.8475251898493,0.0
2025-05-30 18:40:00,2,829.2384678606369,0.0
2025-05-30 18:50:00,2,829.8068139786876,0.0
2025-05-30 19:00:00,2,830.6513113858043,0.0
2025-05-30 19:10:00,2,831.0610708864211,0.0
2025-05-30 19:20:00,2,832.378443434708,0.0
2025-05-30 19:30:00,2,833.0040141784212,0.0
2025-05-30 19:40:00,2,833.4101658740207,0.0
2025-05-30 19:50:00,2,833.9784561628014,0.0
2025-05-30 20:00:00,2,834.3505966121411,0.0
2025-05-30 20:10:00,2,834.9051637964818,0.0
2025-05-30 20:20:00,2,835.315860774261,0.0
2025-05-30 20:30:00,2,835.871867675121,0.0
2025-05-30 20:40:00,2,836.3003039092264,0.0
2025-05-30 20:50:00,2,837.4314217390234,0.0
2025-05-30 21:00:00,2,838.4852130651713,0.0
2025-05-30 21:10:00,2,839.0753229163258,0.0
2025-05-30 21:20:00,2,840.0358853267376,0.0
2025-05-30 21:30:00,2,840.9134431690421,0.0
2025-05-30 21:40:00,2,841.5069987972619,0.0
2025-05-30 21:50:00,2,841.9540470510774,0.0
2025-05-30 22:00:00,2,842.7841198250943,0.0
2025-05-30 22:10:00,2,843.4264707063948,0.0
2025-05-30 22:20:00,2,844.5002323505778,0.0
2025-05-30 22:30:00,2,845.1195763350676,0.0
2025-05-30 22:40:00,2,845.6282654302239,0.0
2025-05-30 22:50:00,2,846.0773155078206,0.0
2025-05-30 23:00:00,2,846.9589569022924,0.0
2025-05-30 23:10:00,2,848.0705001420106,0.0
2025-05-30 23:20:00,2,848.7083563623651,0.0
2025-05-30 23:30:00,2,849.1031168960817,0.0
2025-05-30 23:40:00,2,850.2196553174398,0.0
2025-05-30 23:50:00,2,850.8608309742452,0.0
2025-05-31 00:00:00,2,851.4599094736996,0.0
2025-05-31 00:10:00,2,852.1285475267813,0.0
2025-05-31 00:20:00,2,852.976673313685,0.0
2025-05-31 00:30:00,2,853.3915036304763,0.0
2025-05-31 00:40:00,2,853.9891424134112,0.0
2025-05-31 00:50:00,2,854.6149791559045,0.0
2025-05-31 01:00:00,2,855.749759349732,0.0
2025-05-31 01:10:00,2,856.6460843812358,0.0
2025-05-31 01:20:00,2,857.5281055140073,0.0
2025-05-31 01:30:00,2,858.1678414542934,0.0
2025-05-31 01:40:00,2,858.7751170347962,0.0
2025-05-31 01:50:00,2,859.3792620150064,0.0
2025-05-31 02:00:00,2,860.6930909104981,0.0
2025-05-31 02:10:00,2,861.12127260078,0.0
2025-05-31 02:20:00,2,861.7359907889362,0.0
2025-05-31 02:30:00,2,862.1684502473801,0.0
2025-05-31 02:40:00,2,862.5836030301654,0.0
2025-05-31 02:50:00,2,863.4207178445887,0.0
2025-05-31 03:00:00,2,864.0540156694594,0.0
2025-05-31 03:10:00,2,864.9315264805016,0.0
2025-05-31 03:20:00,2,866.1534134127476,0.0
2025-05-31 03:30:00,2,866.6701831933009,0.0
2025-05-31 03:40:00,2,866.9550366452136,0.0
2025-05-31 03:50:00,2,867.8422524992034,0.0
2025-05-31 04:00:00,2,868.2601982267727,0.0
2025-05-31 04:10:00,2,868.6829348533114,0.0
2025-05-31 04:20:00,2,869.255246474554,0.0
2025-05-31 04:30:00,2,869.473426986313,0.0
2025-05-31 04:40:00,2,870.2479594903698,0.0
2025-05-31 04:50:00,2,871.065742333732,0.0
2025-05-31 05:00:00,2,871.6634428955164,0.0
2025-05-31 05:10:00,2,872.4931438542777,0.0
2025-05-31 05:20:00,2,873.4982172141283,0.0
2025-05-31 05:30:00,2,874.1060606325065,0.0
2025-05-31 05:40:00,2,874.5218590940194,0.0
2025-05-31 05:50:00,2,875.3076464571304,0.0
2025-05-31 06:00:00,2,875.7641932652887,0.0
2025-05-31 06:10:00,2,876.5580564321062,0.0
2025-05-31 06:20:00,2,877.158115045559,0.0
2025-05-31 06:30:00,2,877.9954345419262,0.0
2025-05-31 06:40:00,2,879.0035277230807,0.0
2025-05-31 06:50:00,2,879.3448823927951,0.0
2025-05-31 07:00:00,2,880.3810816582246,0.0
2025-05-31 07:10:00,2,881.3539797866956,0.0
2025-05-31 07:20:00,2,881.9424790000417,0.0
2025-05-31 07:30:00,2,882.7595594982627,0.0
2025-05-31 07:40:00,2,883.7306817946887,0.0
2025-05-31 07:50:00,2,884.5670363632145,0.0
2025-05-31 08:00:00,2,885.142331649623,0.0
2025-05-31 08:10:00,2,885.5390948778917,0.0
2025-05-31 08:20:00,2,886.3698374983319,0.0
2025-05-31 08:30:00,2,887.2071569946991,0.0
2025-05-31 08:40:00,2,888.0444764910662,0.0
2025-05-31 08:50:00,2,888.880356270914,0.0
2025-05-31 09:00:00,2,889.7176757672812,0.0
2025-05-31 09:10:00,2,890.5430100129644,0.0
2025-05-31 09:20:00,2,890.934364866476,0.0
2025-05-31 09:30:00,2,891.5071808238741,0.0
2025-05-31 09:40:00,2,892.0704812610462,0.0
2025-05-31 09:50:00,2,892.4377402471749,0.0
2025-05-31 10:00:00,2,892.8213729469609,0.0
2025-05-31 10:10:00,2,893.8270132572245,0.0
2025-05-31 10:20:00,2,894.6564715079437,0.0
2025-05-31 10:30:00,2,895.7204405241248,0.0
2025-05-31 10:40:00,2,896.3263058602901,0.0
2025-05-31 10:50:00,2,896.7208687292219,0.0
2025-05-31 11:00:00,2,897.2567494975862,0.0
2025-05-31 11:10:00,2,897.9989651013691,0.0
2025-05-31 11:20:00,2,898.3967887337958,0.0
2025-05-31 11:30:00,2,899.2335806802696,0.0
2025-05-31 11:40:00,2,900.4680508819171,0.0
2025-05-31 11:50:00,2,900.8337146312899,0.0
2025-05-31 12:00:00,2,901.411629120118,0.0
2025-05-31 12:10:00,2,902.2410873708372,0.0
2025-05-31 12:20:00,2,903.256007982702,0.0
2025-05-31 12:30:00,2,904.034690582648,0.0
2025-05-31 12:40:00,2,905.0178160414913,0.0
2025-05-31 12:50:00,2,905.3868887041493,0.0
2025-05-31 13:00:00,2,906.146451439975,0.0
2025-05-31 13:10:00,2,906.7131692353282,0.0
2025-05-31 13:20:00,2,907.8268409858398,0.0
2025-05-31 13:30:00,2,908.1974764288356,0.0
2025-05-31 13:40:00,2,908.5896262289077,0.0
2025-05-31 13:50:00,2,909.3736937907923,0.0
2025-05-31 14:00:00,2,910.1632782904118,0.0
2025-05-31 14:10:00,2,910.958536323813,0.0
2025-05-31 14:20:00,2,911.9350108689276,0.0
2025-05-31 14:30:00,2,912.3503310958113,0.0
2025-05-31 14:40:00,2,913.2332306526368,0.0
2025-05-31 14:50:00,2,914.2085251504822,0.0
2025-05-31 15:00:00,2,914.8167742449531,0.0
2025-05-31 15:10:00,2,915.2503400688953,0.0
2025-05-31 15:20:00,2,915.6315461923215,0.0
2025-05-31 15:30:00,2,916.0220270665297,0.0
2025-05-31 15:40:00,2,916.6025665102553,0.0
2025-05-31 15:50:00,2,917.4244102609475,0.0
2025-05-31 16:00:00,2,918.0343412011127,0.0
2025-05-31 16:10:00,2,919.0120922630314,0.0
2025-05-31 16:20:00,2,919.641325693665,0.0
2025-05-31 16:30:00,2,920.033918793681,0.0
2025-05-31 16:40:00,2,920.4621779976774,0.0
2025-05-31 16:50:00,2,921.2386613059042,0.0
2025-05-31 17:00:00,2,921.6391607156677,0.0
2025-05-31 17:10:00,2,922.2309869696774,0.0
2025-05-31 17:20:00,2,923.0508858744329,0.0
2025-05-31 17:30:00,2,923.6825239494274,0.0
2025-05-31 17:40:00,2,924.4575675411348,0.0
2025-05-31 17:50:00,2,924.9069504744512,0.0
2025-05-31 18:00:00,2,925.9177904567072,0.0
2025-05-31 18:10:00,2,926.563098297523,0.0
2025-05-31 18:20:00,2,927.6073682982856,0.0
2025-05-31 18:30:00,2,928.4354642840897,0.0
2025-05-31 18:40:00,2,928.8862869339255,0.0
2025-05-31 18:50:00,2,929.715347847571,0.0
2025-05-31 19:00:00,2,930.7340651589607,0.0
2025-05-31 19:10:00,2,931.7518175425088,0.0
2025-05-31 19:20:00,2,932.3906877707104,0.0
2025-05-31 19:30:00,2,932.9861424023834,0.0
2025-05-31 19:40:00,2,933.5815970340564,0.0
2025-05-31 19:50:00,2,934.2522692319279,0.0
2025-05-31 20:00:00,2,935.376519607078,0.0
2025-05-31 20:10:00,2,936.2115279941742,0.0
2025-05-31 20:20:00,2,936.6707044129421,0.0
2025-05-31 20:30:00,2,937.4378943786072,0.0
2025-05-31 20:40:00,2,938.0340852076172,0.0
2025-05-31 20:50:00,2,938.6230438834201,0.0
2025-05-31 21:00:00,2,939.428650091936,0.0
2025-05-31 21:10:00,2,940.4179527419515,0.0
2025-05-31 21:20:00,2,940.9292700900935,0.0
2025-05-31 21:30:00,2,941.8708229086174,0.0
2025-05-31 21:40:00,2,942.4747884087038,0.0
2025-05-31 21:50:00,2,943.4624119013625,0.0
2025-05-31 22:00:00,2,944.2931895477604,0.0
2025-05-31 22:10:00,2,945.0933831575318,0.0
2025-05-31 22:20:00,2,946.1930365946369,0.0
2025-05-31 22:30:00,2,947.4721011864574,0.0
2025-05-31 22:40:00,2,948.4137001940287,0.0
2025-05-31 22:50:00,2,949.3601941249728,0.0
2025-05-31 23:00:00,2,950.2956910452951,0.0
2025-05-31 23:10:00,2,950.7676190016682,0.0
2025-05-31 23:20:00,2,951.2607583547157,0.0
2025-05-31 23:30:00,2,952.1924409205633,0.0
2025-05-31 23:40:00,2,953.1360180103475,0.0
2025-05-31 23:50:00,2,954.2884959472292,0.0
2025-06-01 00:00:00,2,954.9701662977859,0.0
2025-06-01 00:10:00,2,955.4591511132963,0.0
2025-06-01 00:20:00,2,956.7355314166002,0.0
2025-06-01 00:30:00,2,957.430536007613,0.0
2025-06-01 00:40:00,2,958.2619497444374,0.0
2025-06-01 00:50:00,2,958.9619034935696,0.0
2025-06-01 01:00:00,2,959.918523067757,0.0
2025-06-01 01:10:00,2,960.8659806330543,0.0
2025-06-01 01:20:00,2,961.4797089976935,0.0
2025-06-01 01:30:00,2,961.9076838552156,0.0
2025-06-01 01:40:00,2,962.3746557488363,0.0
2025-06-01 01:50:00,2,963.5335225603568,0.0
2025-06-01 02:00:00,2,964.4856424963838,0.0
2025-06-01 02:10:00,2,965.4436014617908,0.0
2025-06-01 02:20:00,2,966.4053581953857,0.0
2025-06-01 02:30:00,2,967.3595731252121,0.0
2025-06-01 02:40:00,2,968.0472831201771,0.0
2025-06-01 02:50:00,2,969.096851594096,0.0
2025-06-01 03:00:00,2,969.6095369325164,0.0
2025-06-01 03:10:00,2,970.2403226841384,0.0
2025-06-01 03:20:00,2,970.801159416232,0.0
2025-06-01 03:30:00,2,971.2640001396767,0.0
2025-06-01 03:40:00,2,972.306848783313,0.0
2025-06-01 03:50:00,2,972.7262634533186,0.0
2025-06-01 04:00:00,2,973.3639249308915,0.0
2025-06-01 04:10:00,2,973.9154921076155,0.0
2025-06-01 04:20:00,2,974.2774207841951,0.0
2025-06-01 04:30:00,2,974.70050228914,0.0
2025-06-01 04:40:00,2,975.0920741889186,0.0
2025-06-01 04:50:00,2,975.9878634970427,0.0
2025-06-01 05:00:00,2,976.8966198034245,0.0
2025-06-01 05:10:00,2,977.8172286447494,0.0
2025-06-01 05:20:00,2,978.4588483398147,0.0
2025-06-01 05:30:00,2,979.758743971061,0.0
2025-06-01 05:40:00,2,980.4436397653926,0.0
2025-06-01 05:50:00,2,981.0894983240141,0.0
2025-06-01 06:00:00,2,981.7353568826356,0.0
2025-06-01 06:10:00,2,982.3905217850464,0.0
2025-06-01 06:20:00,2,983.0281832626193,0.0
2025-06-01 06:30:00,2,983.6020631814293,0.0
2025-06-01 06:40:00,2,984.1550700746727,0.0
2025-06-01 06:50:00,2,984.5360779341777,0.0
2025-06-01 07:00:00,2,985.102773692865,0.0
2025-06-01 07:10:00,2,985.6680297350329,0.0
2025-06-01 07:20:00,2,986.3211618780385,0.0
2025-06-01 07:30:00,2,987.1710787065724,0.0
2025-06-01 07:40:00,2,987.8256505660975,0.0
2025-06-01 07:50:00,2,988.7177572651315,0.0
2025-06-01 08:00:00,2,989.8789807518572,0.0
2025-06-01 08:10:00,2,990.7880380695603,0.0
2025-06-01 08:20:00,2,991.1646462944153,0.0
2025-06-01 08:30:00,2,991.5853543923071,0.0
2025-06-01 08:40:00,2,992.6506610570895,0.0
2025-06-01 08:50:00,2,993.2384004889009,0.0
2025-06-01 09:00:00,2,993.6546601851313,0.0
2025-06-01 09:10:00,2,994.5680321428143,0.0
2025-06-01 09:20:00,2,995.3941026817608,0.0
2025-06-01 09:30:00,2,995.7968770236143,0.0
2025-06-01 09:40:00,2,997.0492956347526,0.0
2025-06-01 09:50:00,2,997.9046946530755,0.0
2025-06-01 10:00:00,2,998.48623830947,0.0
2025-06-01 10:10:00,2,998.8758868097381,0.0
2025-06-01 10:20:00,2,999.2509348714528,0.0
2025-06-01 10:30:00,2,999.6325668930593,0.0
2025-06-01 10:40:00,2,1000.1959824845463,0.0
2025-06-01 10:50:00,2,1001.0062794671949,0.0
2025-06-01 11:00:00,2,1001.5687301308403,0.0
2025-06-01 11:10:00,2,1001.9694438507216,0.0
2025-06-01 11:20:00,2,1002.8096535959278,0.0
2025-06-01 11:30:00,2,1004.0128064463772,0.0
2025-06-01 11:40:00,2,1005.0035192934976,0.0
2025-06-01 11:50:00,2,1005.6109774470849,0.0
2025-06-01 12:00:00,2,1006.1919904855315,0.0
2025-06-01 12:10:00,2,1006.7958027331173,0.0
2025-06-01 12:20:00,2,1007.6211369788005,0.0
2025-06-01 12:30:00,2,1008.3966432198806,0.0
2025-06-01 12:40:00,2,1009.2113490699364,0.0
2025-06-01 12:50:00,2,1009.8134616177382,0.0
2025-06-01 13:00:00,2,1010.3902147724757,0.0
2025-06-01 13:10:00,2,1010.9972202570383,0.0
2025-06-01 13:20:00,2,1012.1288734197946,0.0
2025-06-01 13:30:00,2,1012.7438454193745,0.0
2025-06-01 13:40:00,2,1013.548871764933,0.0
2025-06-01 13:50:00,2,1014.077037272679,0.0
2025-06-01 14:00:00,2,1014.4898930916268,0.0
2025-06-01 14:10:00,2,1015.4476169467379,0.0
2025-06-01 14:20:00,2,1016.3801532930787,0.0
2025-06-01 14:30:00,2,1017.3271327305707,0.0
2025-06-01 14:40:00,2,1018.1372962355368,0.0
2025-06-01 14:50:00,2,1018.7655604865791,0.0
2025-06-01 15:00:00,2,1019.3684653445573,0.0
2025-06-01 15:10:00,2,1020.0246932367772,0.0
2025-06-01 15:20:00,2,1020.6194010137068,0.0
2025-06-01 15:30:00,2,1021.2264064982694,0.0
2025-06-01 15:40:00,2,1022.2892761632261,0.0
2025-06-01 15:50:00,2,1023.0810102573223,0.0
2025-06-01 16:00:00,2,1023.8647778364012,0.0
2025-06-01 16:10:00,2,1024.7594812581663,0.0
2025-06-01 16:20:00,2,1025.1832516588777,0.0
2025-06-01 16:30:00,2,1025.902050013735,0.0
2025-06-01 16:40:00,2,1026.4222003275838,0.0
2025-06-01 16:50:00,2,1026.8147691462648,0.0
2025-06-01 17:00:00,2,1027.5239307035542,0.0
2025-06-01 17:10:00,2,1028.093738972807,0.0
2025-06-01 17:20:00,2,1028.6138892866556,0.0
2025-06-01 17:30:00,2,1029.1958366379472,0.0
2025-06-01 17:40:00,2,1030.2958061917261,0.0
2025-06-01 17:50:00,2,1031.2996768841,0.0
2025-06-01 18:00:00,2,1032.3839543195331,0.0
2025-06-01 18:10:00,2,1032.9973465169414,0.0
2025-06-01 18:20:00,2,1034.0989834459306,0.0
2025-06-01 18:30:00,2,1034.705257221452,0.0
2025-06-01 18:40:00,2,1035.0985988142215,0.0
2025-06-01 18:50:00,2,1035.7088553128867,0.0
2025-06-01 19:00:00,2,1036.5447344362337,0.0
2025-06-01 19:10:00,2,1037.6680245020598,0.0
2025-06-01 19:20:00,2,1038.071577514353,0.0
2025-06-01 19:30:00,2,1038.9296803320215,0.0
2025-06-01 19:40:00,2,1039.7521236723649,0.0
2025-06-01 19:50:00,2,1040.1742217037977,0.0
2025-06-01 20:00:00,2,1041.1739884329957,0.0
2025-06-01 20:10:00,2,1041.4668846530105,0.0
2025-06-01 20:20:00,2,1042.1226472313524,0.0
2025-06-01 20:30:00,2,1042.7175599398288,0.0
2025-06-01 20:40:00,2,1043.346165332747,0.0
2025-06-01 20:50:00,2,1043.9145092619822,0.0
2025-06-01 21:00:00,3,1044.2354150252324,0.0
2025-06-01 21:10:00,3,1045.543610548639,0.0
2025-06-01 21:20:00,3,1045.9408663665197,0.0
2025-06-01 21:30:00,3,1047.075885797242,0.0
2025-06-01 21:40:00,3,1047.5052822393604,0.0
2025-06-01 21:50:00,3,1048.113139572044,0.0
2025-06-01 22:00:00,3,1048.5305414651205,0.0
2025-06-01 22:10:00,3,1049.1302017167554,0.0
2025-06-01 22:20:00,3,1049.7209363911572,0.0
2025-06-01 22:30:00,3,1050.1294127070005,0.0
2025-06-01 22:40:00,3,1050.5388539506853,0.0
2025-06-01 22:50:00,3,1051.3282039019596,0.0
2025-06-01 23:00:00,3,1051.920049758547,0.0
2025-06-01 23:10:00,3,1052.7065940575098,0.0
2025-06-01 23:20:00,3,1053.7106942754313,0.0
2025-06-01 23:30:00,3,1054.504470727601,0.0
2025-06-01 23:40:00,3,1055.1035487373956,0.0
2025-06-01 23:50:00,3,1055.7035916750317,0.0
2025-06-02 00:00:00,3,1056.4904557259092,0.0
2025-06-02 00:10:00,3,1057.0904986635453,0.0
2025-06-02 00:20:00,3,1057.8706053498938,0.0
2025-06-02 00:30:00,3,1058.4614862786398,0.0
2025-06-02 00:40:00,3,1059.018467131083,0.0
2025-06-02 00:50:00,3,1059.5803839537261,0.0
2025-06-02 01:00:00,3,1060.1158061863157,0.0
2025-06-02 01:10:00,3,1060.6860934230494,0.0
2025-06-02 01:20:00,3,1061.46572532072,0.0
2025-06-02 01:30:00,3,1062.2443922905488,0.0
2025-06-02 01:40:00,3,1062.8338335027754,0.0
2025-06-02 01:50:00,3,1063.3812988349928,0.0
2025-06-02 02:00:00,3,1063.8046808634942,0.0
2025-06-02 02:10:00,3,1064.3476741675488,0.0
2025-06-02 02:20:00,3,1064.7661093792094,0.0
2025-06-02 02:30:00,3,1065.4877250577579,0.0
2025-06-02 02:40:00,3,1066.004706192888,0.0
2025-06-02 02:50:00,3,1066.4067464411576,0.0
2025-06-02 03:00:00,3,1066.8750082495476,0.0
2025-06-02 03:10:00,3,1067.9182065507691,0.0
2025-06-02 03:20:00,3,1068.665426531905,0.0
2025-06-02 03:30:00,3,1069.104519139712,0.0
2025-06-02 03:40:00,3,1069.847654987012,0.0
2025-06-02 03:50:00,3,1070.5898259064704,0.0
2025-06-02 04:00:00,3,1070.9989703605784,0.0
2025-06-02 04:10:00,3,1071.4145980232688,0.0
2025-06-02 04:20:00,3,1071.9560020823365,0.0
2025-06-02 04:30:00,3,1072.6938418445156,0.0
2025-06-02 04:40:00,3,1073.4281368793036,0.0
2025-06-02 04:50:00,3,1074.1551684205997,0.0
2025-06-02 05:00:00,3,1075.3406056760082,0.0
2025-06-02 05:10:00,3,1075.8794211859417,0.0
2025-06-02 05:20:00,3,1076.2914482899687,0.0
2025-06-02 05:30:00,3,1076.5525182283884,0.0
2025-06-02 05:40:00,3,1077.3993788952853,0.0
2025-06-02 05:50:00,3,1077.9608833357606,0.0
2025-06-02 06:00:00,3,1079.0926918240998,0.0
2025-06-02 06:10:00,3,1079.6712649735648,0.0
2025-06-02 06:20:00,3,1081.1082565932418,0.0
2025-06-02 06:30:00,3,1081.7131801058886,0.0
2025-06-02 06:40:00,3,1082.6151019151664,0.0
2025-06-02 06:50:00,3,1083.9116707812395,0.0
2025-06-02 07:00:00,3,1084.8223781792337,0.0
2025-06-02 07:10:00,3,1085.2803537885065,0.0
2025-06-02 07:20:00,3,1086.432623211488,0.0
2025-06-02 07:30:00,3,1087.0966879663938,0.0
2025-06-02 07:40:00,3,1088.05055779072,0.0
2025-06-02 07:50:00,3,1089.162741644552,0.0
2025-06-02 08:00:00,3,1090.2637255885443,0.0
2025-06-02 08:10:00,3,1091.1415721522678,0.0
2025-06-02 08:20:00,3,1092.5612910811205,0.0
2025-06-02 08:30:00,3,1093.1194610856094,0.0
2025-06-02 08:40:00,3,1094.2513375887386,0.0
2025-06-02 08:50:00,3,1094.8941463641283,0.0
2025-06-02 09:00:00,3,1095.9960817461504,0.0
2025-06-02 09:10:00,3,1096.2977155381793,0.0
2025-06-02 09:20:00,3,1096.9830804543924,0.0
2025-06-02 09:30:00,3,1098.114026396438,0.0
2025-06-02 09:40:00,3,1098.559944279445,0.0
2025-06-02 09:50:00,3,1099.0128321771665,0.0
2025-06-02 10:00:00,3,1099.4478773635158,0.0
2025-06-02 10:10:00,3,1100.1232970749938,0.0
2025-06-02 10:20:00,3,1101.4288586943533,0.0
2025-06-02 10:30:00,3,1102.1084506373973,0.0
2025-06-02 10:40:00,3,1102.739489824505,0.0
2025-06-02 10:50:00,3,1103.377286376142,0.0
2025-06-02 11:00:00,3,1104.0083255632496,0.0
2025-06-02 11:10:00,3,1104.4942493493768,0.0
2025-06-02 11:20:00,3,1105.4320505887601,0.0
2025-06-02 11:30:00,3,1106.7569413433228,0.0
2025-06-02 11:40:00,3,1107.443290650896,0.0
2025-06-02 11:50:00,3,1108.1307052116103,0.0
2025-06-02 12:00:00,3,1109.317563687057,0.0
2025-06-02 12:10:00,3,1110.2581977667867,0.0
2025-06-02 12:20:00,3,1110.887797237375,0.0
2025-06-02 12:30:00,3,1111.3985988712586,0.0
2025-06-02 12:40:00,3,1112.5803201872977,0.0
2025-06-02 12:50:00,3,1113.506180310052,0.0
2025-06-02 13:00:00,3,1113.996927501413,0.0
2025-06-02 13:10:00,3,1114.6317644567087,0.0
2025-06-02 13:20:00,3,1115.2628036438164,0.0
2025-06-02 13:30:00,3,1115.8924031144047,0.0
2025-06-02 13:40:00,3,1116.5678228258828,0.0
2025-06-02 13:50:00,3,1117.4797712120496,0.0
2025-06-02 14:00:00,3,1118.390754670375,0.0
2025-06-02 14:10:00,3,1118.8971509825171,0.0
2025-06-02 14:20:00,3,1119.3382421223023,0.0
2025-06-02 14:30:00,3,1120.6228867269997,0.0
2025-06-02 14:40:00,3,1121.791024177137,0.0
2025-06-02 14:50:00,3,1122.2655994351476,0.0
2025-06-02 15:00:00,3,1123.1887966665233,0.0
2025-06-02 15:10:00,3,1124.4917375408813,0.0
2025-06-02 15:20:00,3,1125.3758782248592,0.0
2025-06-02 15:30:00,3,1126.4732802789174,0.0
2025-06-02 15:40:00,3,1127.5606482205494,0.0
2025-06-02 15:50:00,3,1127.889304785795,0.0
2025-06-02 16:00:00,3,1129.2353798198976,0.0
2025-06-02 16:10:00,3,1130.465322614698,0.0
2025-06-02 16:20:00,3,1131.1297220420665,0.0
2025-06-02 16:30:00,3,1132.3111245429504,0.0
2025-06-02 16:40:00,3,1133.2236063299267,0.0
2025-06-02 16:50:00,3,1133.8940588309652,0.0
2025-06-02 17:00:00,3,1134.8111396461047,0.0
2025-06-02 17:10:00,3,1135.979596345356,0.0
2025-06-02 17:20:00,3,1137.344695872139,0.0
2025-06-02 17:30:00,3,1138.709795398922,0.0
2025-06-02 17:40:00,3,1139.8699412981348,0.0
2025-06-02 17:50:00,3,1140.778725642223,0.0
2025-06-02 18:00:00,3,1141.2613671722795,0.0
2025-06-02 18:10:00,3,1142.3744666458017,0.0
2025-06-02 18:20:00,3,1143.1822091758431,0.0
2025-06-02 18:30:00,3,1144.1218681608716,0.0
2025-06-02 18:40:00,3,1144.9794263735953,0.0
2025-06-02 18:50:00,3,1145.61222266838,0.0
2025-06-02 19:00:00,3,1146.0746318876468,0.0
2025-06-02 19:10:00,3,1146.696950230182,0.0
2025-06-02 19:20:00,3,1147.3636490970873,0.0
2025-06-02 19:30:00,3,1148.2755974832542,0.0
2025-06-02 19:40:00,3,1149.2032381615456,0.0
2025-06-02 19:50:00,3,1150.5170151886896,0.0
2025-06-02 20:00:00,3,1151.7008319922338,0.0
2025-06-02 20:10:00,3,1153.0038935749783,0.0
2025-06-02 20:20:00,3,1153.6781642272913,0.0
2025-06-02 20:30:00,3,1154.3023071871821,0.0
2025-06-02 20:40:00,3,1154.9738453244486,0.0
2025-06-02 20:50:00,3,1155.8467450050052,0.0
2025-06-02 21:00:00,3,1157.1367079834372,0.0
2025-06-02 21:10:00,3,1158.238600057834,0.0
2025-06-02 21:20:00,3,1159.451829572981,0.0
2025-06-02 21:30:00,3,1160.5040346429037,0.0
2025-06-02 21:40:00,3,1161.1191057339834,0.0
2025-06-02 21:50:00,3,1162.467742912399,0.0
2025-06-02 22:00:00,3,1163.3350265653849,0.0
2025-06-02 22:10:00,3,1164.2018241586925,0.0
2025-06-02 22:20:00,3,1164.8586058390163,0.0
2025-06-02 22:30:00,3,1165.7332610881283,0.0
2025-06-02 22:40:00,3,1166.9821056627454,0.0
2025-06-02 22:50:00,3,1167.6310787008438,0.0
2025-06-02 23:00:00,3,1168.4978762941514,0.0
2025-06-02 23:10:00,3,1169.1482890487691,0.0
2025-06-02 23:20:00,3,1170.3615185639162,0.0
2025-06-02 23:30:00,3,1171.687573669384,0.0
2025-06-02 23:40:00,3,1172.7421833836675,0.0
2025-06-02 23:50:00,3,1173.6038928311468,0.0
2025-06-03 00:00:00,3,1174.46259854823,0.0
2025-06-03 00:10:00,3,1175.6624313925845,0.0
2025-06-03 00:20:00,3,1176.0724773493337,0.0
2025-06-03 00:30:00,3,1177.3468066477726,0.0
2025-06-03 00:40:00,3,1178.2513550084495,0.0
2025-06-03 00:50:00,3,1179.527124023408,0.0
2025-06-03 01:00:00,3,1180.3858297404913,0.0
2025-06-03 01:10:00,3,1181.4359960078593,0.0
2025-06-03 01:20:00,3,1182.4711789246678,0.0
2025-06-03 01:30:00,3,1183.8221427434112,0.0
2025-06-03 01:40:00,3,1184.301808449601,0.0
2025-06-03 01:50:00,3,1185.1553770072765,0.0
2025-06-03 02:00:00,3,1186.0140827243597,0.0
2025-06-03 02:10:00,3,1186.8244073770911,0.0
2025-06-03 02:20:00,3,1188.1317019535404,0.0
2025-06-03 02:30:00,3,1188.9977535428206,0.0
2025-06-03 02:40:00,3,1189.6376207632738,0.0
2025-06-03 02:50:00,3,1190.2770131950492,0.0
2025-06-03 03:00:00,3,1191.3257397458979,0.0
2025-06-03 03:10:00,3,1192.3856565298238,0.0
2025-06-03 03:20:00,3,1193.254112763465,0.0
2025-06-03 03:30:00,3,1194.2085394275894,0.0
2025-06-03 03:40:00,3,1195.0769956612305,0.0
2025-06-03 03:50:00,3,1195.9393498076226,0.0
2025-06-03 04:00:00,3,1196.5792170280758,0.0
2025-06-03 04:10:00,3,1197.1756686520005,0.0
2025-06-03 04:20:00,3,1197.7639231948765,0.0
2025-06-03 04:30:00,3,1198.2500916841764,0.0
2025-06-03 04:40:00,3,1199.3835183964745,0.0
2025-06-03 04:50:00,3,1200.0188859787672,0.0
2025-06-03 05:00:00,3,1200.659718127062,0.0
2025-06-03 05:10:00,3,1201.4204062203146,0.0
2025-06-03 05:20:00,3,1202.7236711245866,0.0
2025-06-03 05:30:00,3,1203.3088912657215,0.0
2025-06-03 05:40:00,3,1204.5675845351434,0.0
2025-06-03 05:50:00,3,1205.8509313093107,0.0
2025-06-03 06:00:00,3,1206.675070672573,0.0
2025-06-03 06:10:00,3,1207.8173212164518,0.0
2025-06-03 06:20:00,3,1208.5001224200157,0.0
2025-06-03 06:30:00,3,1209.3475018510755,0.0
2025-06-03 06:40:00,3,1210.0339514839484,0.0
2025-06-03 06:50:00,3,1210.7213660446628,0.0
2025-06-03 07:00:00,3,1211.9004884870965,0.0
2025-06-03 07:10:00,3,1213.3971650618994,0.0
2025-06-03 07:20:00,3,1214.8039237403682,0.0
2025-06-03 07:30:00,3,1216.02831405937,0.0
2025-06-03 07:40:00,3,1217.4247503413997,0.0
2025-06-03 07:50:00,3,1218.6008933724468,0.0
2025-06-03 08:00:00,3,1219.1955770867485,0.0
2025-06-03 08:10:00,3,1220.1222884183542,0.0
2025-06-03 08:20:00,3,1220.975769936663,0.0
2025-06-03 08:30:00,3,1221.9173689442343,0.0
2025-06-03 08:40:00,3,1223.0161099304185,0.0
2025-06-03 08:50:00,3,1224.174481440649,0.0
2025-06-03 09:00:00,3,1225.2349849450593,0.0
2025-06-03 09:10:00,3,1226.3836059387318,0.0
2025-06-03 09:20:00,3,1227.1988499752665,0.0
2025-06-03 09:30:00,3,1228.1022115010637,0.0
2025-06-03 09:40:00,3,1229.4698360938453,0.0
2025-06-03 09:50:00,3,1230.8732369616266,0.0
2025-06-03 10:00:00,3,1232.2261619569956,0.0
2025-06-03 10:10:00,3,1233.1235656520778,0.0
2025-06-03 10:20:00,3,1234.479684159746,0.0
2025-06-03 10:30:00,3,1235.3796878748558,0.0
2025-06-03 10:40:00,3,1236.2735895027165,0.0
2025-06-03 10:50:00,3,1236.928194359686,0.0
2025-06-03 11:00:00,3,1237.5889013039043,0.0
2025-06-03 11:10:00,3,1238.9566264109408,0.0
2025-06-03 11:20:00,3,1240.309011894565,0.0
2025-06-03 11:30:00,3,1240.9430062625493,0.0
2025-06-03 11:40:00,3,1242.296537406112,0.0
2025-06-03 11:50:00,3,1243.4721208895344,0.0
2025-06-03 12:00:00,3,1244.8482373012007,0.0
2025-06-03 12:10:00,3,1245.9991236926132,0.0
2025-06-03 12:20:00,3,1247.1274248159223,0.0
2025-06-03 12:30:00,3,1248.0090267548367,0.0
2025-06-03 12:40:00,3,1249.1373278781457,0.0
2025-06-03 12:50:00,3,1250.0203695335795,0.0
2025-06-03 13:00:00,3,1251.371032066685,0.0
2025-06-03 13:10:00,3,1252.2628593108352,0.0
2025-06-03 13:20:00,3,1252.9005021081284,0.0
2025-06-03 13:30:00,3,1253.5376701167438,0.0
2025-06-03 13:40:00,3,1254.6696196693617,0.0
2025-06-03 13:50:00,3,1255.1172250641846,0.0
2025-06-03 14:00:00,3,1255.95230247135,0.0
2025-06-03 14:10:00,3,1256.5960473558923,0.0
2025-06-03 14:20:00,3,1257.6163903724723,0.0
2025-06-03 14:30:00,3,1258.0625528338956,0.0
2025-06-03 14:40:00,3,1258.8961905245417,0.0
2025-06-03 14:50:00,3,1259.3295329892308,0.0
2025-06-03 15:00:00,3,1260.4661449125783,0.0
2025-06-03 15:10:00,3,1261.6041965524453,0.0
2025-06-03 15:20:00,3,1262.7422481923122,0.0
2025-06-03 15:30:00,3,1263.8788601156598,0.0
2025-06-03 15:40:00,3,1264.8015256339868,0.0
2025-06-03 15:50:00,3,1266.277871264029,0.0
2025-06-03 16:00:00,3,1267.2812372753253,0.0
2025-06-03 16:10:00,3,1268.523327812645,0.0
2025-06-03 16:20:00,3,1269.7726893618653,0.0
2025-06-03 16:30:00,3,1270.4845682176901,0.0
2025-06-03 16:40:00,3,1271.9342016524738,0.0
2025-06-03 16:50:00,3,1273.2484804068856,0.0
2025-06-03 17:00:00,3,1274.5363096123347,0.0
2025-06-03 17:10:00,3,1275.2147880773696,0.0
2025-06-03 17:20:00,3,1275.700902470819,0.0
2025-06-03 17:30:00,3,1276.872155027617,0.0
2025-06-03 17:40:00,3,1278.377381666086,0.0
2025-06-03 17:50:00,3,1279.6685429687789,0.0
2025-06-03 18:00:00,3,1280.1047879829703,0.0
2025-06-03 18:10:00,3,1281.2430391293776,0.0
2025-06-03 18:20:00,3,1282.0982863177253,0.0
2025-06-03 18:30:00,3,1283.1494391904373,0.0
2025-06-03 18:40:00,3,1284.2163995176338,0.0
2025-06-03 18:50:00,3,1285.5427143909408,0.0
2025-06-03 19:00:00,3,1286.8089782028792,0.0
2025-06-03 19:10:00,3,1288.002969960694,0.0
2025-06-03 19:20:00,3,1288.8467009624449,0.0
2025-06-03 19:30:00,3,1289.862159905828,0.0
2025-06-03 19:40:00,3,1291.1325538070798,0.0
2025-06-03 19:50:00,3,1291.4224461535946,0.0
2025-06-03 20:00:00,3,1292.7668048693554,0.0
2025-06-03 20:10:00,3,1293.8233077141695,0.0
2025-06-03 20:20:00,3,1295.2502618582223,0.0
2025-06-03 20:30:00,3,1296.5674064800119,0.0
2025-06-03 20:40:00,3,1297.2502076835758,0.0
2025-06-03 20:50:00,3,1298.4212135552154,0.0
2025-06-03 21:00:00,3,1299.1040147587794,0.0
2025-06-03 21:10:00,3,1300.4625261492936,0.0
2025-06-03 21:20:00,3,1301.1550778694154,0.0
2025-06-03 21:30:00,3,1302.0869263604288,0.0
2025-06-03 21:40:00,3,1303.4580092781528,0.0
2025-06-03 21:50:00,3,1304.362355805846,0.0
2025-06-03 22:00:00,3,1305.6887966097904,0.0
2025-06-03 22:10:00,3,1306.9006683160317,0.0
2025-06-03 22:20:00,3,1307.6902205792237,0.0
2025-06-03 22:30:00,3,1308.7077048970448,0.0
2025-06-03 22:40:00,3,1309.5668044951537,0.0
2025-06-03 22:50:00,3,1310.139762460452,0.0
2025-06-03 23:00:00,3,1311.402338680269,0.0
2025-06-03 23:10:00,3,1311.836443459564,0.0
2025-06-03 23:20:00,3,1312.6093423767518,0.0
2025-06-03 23:30:00,3,1313.7207554104848,0.0
2025-06-03 23:40:00,3,1314.8321684442178,0.0
2025-06-03 23:50:00,3,1316.1357003539758,0.0
2025-06-04 00:00:00,3,1317.2471133877089,0.0
2025-06-04 00:10:00,3,1318.2203533684974,0.0
2025-06-04 00:20:00,3,1318.7404719741917,0.0
2025-06-04 00:30:00,3,1319.2615555077275,0.0
2025-06-04 00:40:00,3,1320.370200445258,0.0
2025-06-04 00:50:00,3,1321.2335859149132,0.0
2025-06-04 01:00:00,3,1322.002751808057,0.0
2025-06-04 01:10:00,3,1322.6170899902627,0.0
2025-06-04 01:20:00,3,1323.9215130549892,0.0
2025-06-04 01:30:00,3,1324.535851237195,0.0
2025-06-04 01:40:00,3,1325.8171140176344,0.0
2025-06-04 01:50:00,3,1327.1209620661773,0.0
2025-06-04 02:00:00,3,1328.213628322622,0.0
2025-06-04 02:10:00,3,1328.81821598827,0.0
2025-06-04 02:20:00,3,1329.9171104092425,0.0
2025-06-04 02:30:00,3,1331.109290772578,0.0
2025-06-04 02:40:00,3,1331.6880826419776,0.0
2025-06-04 02:50:00,3,1333.1525543652397,0.0
2025-06-04 03:00:00,3,1334.5415311942618,0.0
2025-06-04 03:10:00,3,1335.753402900503,0.0
2025-06-04 03:20:00,3,1337.1218641858088,0.0
2025-06-04 03:30:00,3,1338.5568864689283,0.0
2025-06-04 03:40:00,3,1339.9720132213488,0.0
2025-06-04 03:50:00,3,1340.5508205122026,0.0
2025-06-04 04:00:00,3,1341.6178324711318,0.0
2025-06-04 04:10:00,3,1341.7913537357715,0.0
2025-06-04 04:20:00,3,1343.015281246516,0.0
2025-06-04 04:30:00,3,1343.8248934884723,0.0
2025-06-04 04:40:00,3,1344.8881888071248,0.0
2025-06-04 04:50:00,3,1345.196653101158,0.0
2025-06-04 05:00:00,3,1346.2359723841146,0.0
2025-06-04 05:10:00,3,1347.0993578537698,0.0
2025-06-04 05:20:00,3,1348.2080027913003,0.0
2025-06-04 05:30:00,3,1349.3294824803763,0.0
2025-06-04 05:40:00,3,1350.64770522449,0.0
2025-06-04 05:50:00,3,1351.6575172283585,0.0
2025-06-04 06:00:00,3,1352.064462620359,0.0
2025-06-04 06:10:00,3,1353.3488018134744,0.0
2025-06-04 06:20:00,3,1354.5992953975194,0.0
2025-06-04 06:30:00,3,1355.4968549000423,0.0
2025-06-04 06:40:00,3,1356.6365868168498,0.0
2025-06-04 06:50:00,3,1357.2378166718102,0.0
2025-06-04 07:00:00,3,1358.3256172490821,0.0
2025-06-04 07:10:00,3,1359.8002081957734,0.0
2025-06-04 07:20:00,3,1360.4636557104434,0.0
2025-06-04 07:30:00,3,1361.8068228981128,0.0
2025-06-04 07:40:00,3,1362.434398502767,0.0
2025-06-04 07:50:00,3,1363.403462145663,0.0
2025-06-04 08:00:00,3,1364.7470620405709,0.0
2025-06-04 08:10:00,3,1365.6146612143978,0.0
2025-06-04 08:20:00,3,1366.972635804876,0.0
2025-06-04 08:30:00,3,1368.0619442506334,0.0
2025-06-04 08:40:00,3,1368.377414342684,0.0
2025-06-04 08:50:00,3,1369.6589677417448,0.0
2025-06-04 09:00:00,3,1369.9744378337955,0.0
2025-06-04 09:10:00,3,1371.1642253142852,0.0
2025-06-04 09:20:00,3,1372.5694822648768,0.0
2025-06-04 09:30:00,3,1373.7961635886077,0.0
2025-06-04 09:40:00,3,1375.1357256140436,0.0
2025-06-04 09:50:00,3,1375.9550343531237,0.0
2025-06-04 10:00:00,3,1377.1575047654346,0.0
2025-06-04 10:10:00,3,1378.302694516743,0.0
2025-06-04 10:20:00,3,1378.9877512712771,0.0
2025-06-04 10:30:00,3,1380.0860117174946,0.0
2025-06-04 10:40:00,3,1381.3063685211598,0.0
2025-06-04 10:50:00,3,1382.2639988341168,0.0
2025-06-04 11:00:00,3,1383.5745253353966,0.0
2025-06-04 11:10:00,3,1384.8850518366764,0.0
2025-06-04 11:20:00,3,1386.1955783379562,0.0
2025-06-04 11:30:00,3,1387.4917301436653,0.0
2025-06-04 11:40:00,3,1388.7775595529354,0.0
2025-06-04 11:50:00,3,1389.643713118793,0.0
2025-06-04 12:00:00,3,1390.6700607289483,0.0
2025-06-04 12:10:00,3,1391.8787766985708,0.0
2025-06-04 12:20:00,3,1392.9277095768298,0.0
2025-06-04 12:30:00,3,1394.1354606186108,0.0
2025-06-04 12:40:00,3,1394.5592378975919,0.0
2025-06-04 12:50:00,3,1395.782328562785,0.0
2025-06-04 13:00:00,3,1396.633498778083,0.0
2025-06-04 13:10:00,3,1398.0250310177785,0.0
2025-06-04 13:20:00,3,1399.261384795294,0.0
2025-06-04 13:30:00,3,1400.4977385728093,0.0
2025-06-04 13:40:00,3,1401.7290398105354,0.0
2025-06-04 13:50:00,3,1402.7945759688228,0.0
2025-06-04 14:00:00,3,1403.1134038715609,0.0
2025-06-04 14:10:00,3,1404.1799049576898,0.0
2025-06-04 14:20:00,3,1405.2464060438188,0.0
2025-06-04 14:30:00,3,1406.5425578495278,0.0
2025-06-04 14:40:00,3,1407.814281003579,0.0
2025-06-04 14:50:00,3,1409.1928254875204,0.0
2025-06-04 15:00:00,3,1410.4889772932295,0.0
2025-06-04 15:10:00,3,1411.9019995290944,0.0
2025-06-04 15:20:00,3,1413.2777368994432,0.0
2025-06-04 15:30:00,3,1414.653474269792,0.0
2025-06-04 15:40:00,3,1415.954384547132,0.0
2025-06-04 15:50:00,3,1417.2383327647956,0.0
2025-06-04 16:00:00,3,1418.5234646711338,0.0
2025-06-04 16:10:00,3,1419.3777773795125,0.0
2025-06-04 16:20:00,3,1420.791384630571,0.0
2025-06-04 16:30:00,3,1422.1055245857797,0.0
2025-06-04 16:40:00,3,1423.5616544741192,0.0
2025-06-04 16:50:00,3,1424.9877627021112,0.0
2025-06-04 17:00:00,3,1426.428245625674,0.0
2025-06-04 17:10:00,3,1427.6495846950806,0.0
2025-06-04 17:20:00,3,1428.158253613863,0.0
2025-06-04 17:30:00,3,1429.0040873093571,0.0
2025-06-04 17:40:00,3,1430.3040876083135,0.0
2025-06-04 17:50:00,3,1431.6548531516105,0.0
2025-06-04 18:00:00,3,1432.7932286750931,0.0
2025-06-04 18:10:00,3,1433.8432034346476,0.0
2025-06-04 18:20:00,3,1434.5056847678482,0.0
2025-06-04 18:30:00,3,1435.804687739867,0.0
2025-06-04 18:40:00,3,1437.1653477675695,0.0
2025-06-04 18:50:00,3,1438.4636690864124,0.0
2025-06-04 19:00:00,3,1439.5173563351157,0.0
2025-06-04 19:10:00,3,1440.8632765019097,0.0
2025-06-04 19:20:00,3,1441.5485178192707,0.0
2025-06-04 19:30:00,3,1442.7597211709635,0.0
2025-06-04 19:40:00,3,1444.2931039549997,0.0
2025-06-04 19:50:00,3,1445.4378372035485,0.0
2025-06-04 20:00:00,3,1446.053003459414,0.0
2025-06-04 20:10:00,3,1446.8904367893765,0.0
2025-06-04 20:20:00,3,1447.6582351244122,0.0
2025-06-04 20:30:00,3,1448.7571295453847,0.0
2025-06-04 20:40:00,3,1449.8663753689182,0.0
2025-06-04 20:50:00,3,1451.250788055584,0.0
2025-06-04 21:00:00,3,1452.5335552580436,0.0
2025-06-04 21:10:00,3,1453.623520494972,0.0
2025-06-04 21:20:00,3,1454.709336510066,0.0
2025-06-04 21:30:00,3,1456.0107144981562,0.0
2025-06-04 21:40:00,3,1456.823514322104,0.0
2025-06-04 21:50:00,3,1457.812429111232,0.0
2025-06-04 22:00:00,3,1458.8702594533584,0.0
2025-06-04 22:10:00,3,1460.1288835801802,0.0
2025-06-04 22:20:00,3,1461.3735292245997,0.0
2025-06-04 22:30:00,3,1462.702305983181,0.0
2025-06-04 22:40:00,3,1464.0184545070435,0.0
2025-06-04 22:50:00,3,1465.2608602372143,0.0
2025-06-04 23:00:00,3,1466.4109345836866,0.0
2025-06-04 23:10:00,3,1467.701358166199,0.0
2025-06-04 23:20:00,3,1468.5491705708096,0.0
2025-06-04 23:30:00,3,1469.9874440322337,0.0
2025-06-04 23:40:00,3,1471.1427816153923,0.0
2025-06-04 23:50:00,3,1472.1627193491754,0.0
2025-06-05 00:00:00,3,1473.4757281997913,0.0
2025-06-05 00:10:00,3,1474.813434142417,0.0
2025-06-05 00:20:00,3,1476.1655147806134,0.0
2025-06-05 00:30:00,3,1477.320852363772,0.0
2025-06-05 00:40:00,3,1478.5711224703111,0.0
2025-06-05 00:50:00,3,1479.6390242173832,0.0
2025-06-05 01:00:00,3,1480.413702483291,0.0
2025-06-05 01:10:00,3,1481.7185007613741,0.0
2025-06-05 01:20:00,3,1482.8491412525232,0.0
2025-06-05 01:30:00,3,1483.953156875693,0.0
2025-06-05 01:40:00,3,1485.2942925264742,0.0
2025-06-05 01:50:00,3,1485.9040013943193,0.0
2025-06-05 02:00:00,3,1487.2429306944923,0.0
2025-06-05 02:10:00,3,1488.548588655718,0.0
2025-06-05 02:20:00,3,1489.8686213125143,0.0
2025-06-05 02:30:00,3,1491.2337247871326,0.0
2025-06-05 02:40:00,3,1492.1872725312094,0.0
2025-06-05 02:50:00,3,1493.5408036747722,0.0
2025-06-05 03:00:00,3,1494.4638383805354,0.0
2025-06-05 03:10:00,3,1495.6206264690607,0.0
2025-06-05 03:20:00,3,1496.8451600600533,0.0
2025-06-05 03:30:00,3,1498.19279552093,0.0
2025-06-05 03:40:00,3,1499.4733163841845,0.0
2025-06-05 03:50:00,3,1500.8606488624887,0.0
2025-06-05 04:00:00,3,1502.3251547535212,0.0
2025-06-05 04:10:00,3,1503.6085657797269,0.0
2025-06-05 04:20:00,3,1505.2513155623035,0.0
2025-06-05 04:30:00,3,1506.7781121650523,0.0
2025-06-05 04:40:00,3,1508.2389523435918,0.0
2025-06-05 04:50:00,3,1509.655556459505,0.0
2025-06-05 05:00:00,3,1511.0352281643475,0.0
2025-06-05 05:10:00,3,1512.2184084629605,0.0
2025-06-05 05:20:00,3,1513.4804896388853,0.0
2025-06-05 05:30:00,3,1513.9773352268937,0.0
2025-06-05 05:40:00,3,1515.3317600406554,0.0
2025-06-05 05:50:00,3,1516.5120270674827,0.0
2025-06-05 06:00:00,3,1517.66359934174,0.0
2025-06-05 06:10:00,3,1519.0411748541242,0.0
2025-06-05 06:20:00,3,1520.484242113547,0.0
2025-06-05 06:30:00,3,1521.7647629768014,0.0
2025-06-05 06:40:00,3,1523.1505287527182,0.0
2025-06-05 06:50:00,3,1524.212447654966,0.0
2025-06-05 07:00:00,3,1525.562528285684,0.0
2025-06-05 07:10:00,3,1526.6362273849868,0.0
2025-06-05 07:20:00,3,1528.0407305332508,0.0
2025-06-05 07:30:00,3,1529.5254957613927,0.0
2025-06-05 07:40:00,3,1530.8869285347798,0.0
2025-06-05 07:50:00,3,1531.7446693240215,0.0
2025-06-05 08:00:00,3,1532.3951690864417,0.0
2025-06-05 08:10:00,3,1533.8028412225624,0.0
2025-06-05 08:20:00,3,1535.2280162267325,0.0
2025-06-05 08:30:00,3,1536.3289325095025,0.0
2025-06-05 08:40:00,3,1537.8594718587149,0.0
2025-06-05 08:50:00,3,1539.2878875788288,0.0
2025-06-05 09:00:00,3,1540.3107460861809,0.0
2025-06-05 09:10:00,3,1541.7325244775204,0.0
2025-06-05 09:20:00,3,1543.0150004277057,0.0
2025-06-05 09:30:00,3,1544.4574222876558,0.0
2025-06-05 09:40:00,3,1545.8858380077697,0.0
2025-06-05 09:50:00,3,1547.1936224703215,0.0
